chunk_size_i,chunk_size_fpos,chunk_size_k,omp_chunk_size,omp_num_threads,omp_scheduling_type,omp_monotonic,omp_dynamic,permutation,repeats,wait_between_repeats,wait_after_run,iterations,compute_time
256,32,64,2,14,0,1,1,"(0, 1, 4, 3, 2)",5,0.0,10.0,10,1.07795
256,64,32,2,7,2,0,1,"(0, 1, 2, 3, 4)",5,0.0,10.0,10,5.8290165
256,16,4,2,8,2,0,0,"(1, 0, 2, 3, 4)",5,0.0,10.0,10,2.957789
16,16,128,2,15,2,1,0,"(4, 0, 3, 2, 1)",5,0.0,10.0,10,45.904733500000006
64,32,2,16,12,0,1,1,"(1, 0, 4, 3, 2)",5,0.0,10.0,10,2.3370765000000002
4,2,8,8,16,2,1,1,"(0, 4, 3, 2, 1)",5,0.0,10.0,10,322.8386765
4,16,32,32,10,1,0,1,"(1, 0, 4, 3, 2)",5,0.0,10.0,10,77.89211850000001
64,256,8,8,16,2,0,1,"(1, 0, 4, 3, 2)",5,0.0,10.0,10,1.439285
32,2,128,2,2,1,0,0,"(1, 0, 4, 3, 2)",5,0.0,10.0,10,478.502558
128,16,4,32,20,0,0,0,"(0, 4, 3, 2, 1)",5,0.0,10.0,10,6.615785000000001
4,2,8,8,8,1,1,1,"(1, 0, 2, 4, 3)",5,0.0,10.0,10,416.9551065
4,16,16,8,17,0,1,0,"(0, 4, 2, 3, 1)",5,0.0,10.0,10,189.264958
64,32,4,16,13,2,0,0,"(0, 1, 4, 2, 3)",5,0.0,10.0,10,7.995546
8,64,2,4,3,1,0,1,"(0, 1, 4, 2, 3)",5,0.0,10.0,10,469.672372
4,2,2,2,9,2,0,1,"(0, 1, 4, 3, 2)",5,0.0,10.0,10,914.6831745
128,8,8,1,5,1,0,1,"(0, 1, 2, 4, 3)",5,0.0,10.0,10,33.1984485
128,8,32,16,13,1,0,1,"(1, 0, 2, 3, 4)",5,0.0,10.0,10,11.6763385
8,64,8,32,3,2,0,0,"(1, 0, 2, 4, 3)",5,0.0,10.0,10,209.919808
16,64,4,32,4,2,0,0,"(0, 4, 2, 3, 1)",5,0.0,10.0,10,48.5988075
2,256,256,16,5,2,1,1,"(0, 1, 4, 3, 2)",5,0.0,10.0,10,825.088054
32,256,32,4,18,2,1,1,"(4, 0, 2, 3, 1)",5,0.0,10.0,10,52.910055
32,64,256,8,8,2,1,1,"(1, 0, 4, 3, 2)",5,0.0,10.0,10,15.727904500000001
256,128,2,32,4,0,1,1,"(1, 0, 4, 3, 2)",5,0.0,10.0,10,5.8333475
64,256,128,32,9,0,0,0,"(1, 0, 2, 4, 3)",5,0.0,10.0,10,109.588852
8,256,2,1,17,2,0,1,"(0, 1, 2, 4, 3)",5,0.0,10.0,10,24.361801
4,4,64,2,5,2,1,0,"(0, 1, 4, 3, 2)",5,0.0,10.0,10,520.001671
4,2,32,8,12,1,0,1,"(0, 4, 3, 2, 1)",5,0.0,10.0,10,82.4504175
32,4,16,8,13,1,1,0,"(1, 0, 4, 3, 2)",5,0.0,10.0,10,112.1299865
8,8,8,1,6,2,1,0,"(1, 0, 2, 3, 4)",5,0.0,10.0,10,132.0832995
256,64,256,8,4,0,0,1,"(1, 0, 2, 4, 3)",5,0.0,10.0,10,89.4670625
128,256,256,4,6,2,1,0,"(0, 4, 2, 3, 1)",5,0.0,10.0,10,14.7791355
128,64,8,4,5,1,1,1,"(0, 1, 2, 3, 4)",5,0.0,10.0,10,7.398
64,128,2,4,5,0,1,1,"(4, 0, 2, 3, 1)",5,0.0,10.0,10,22.34147
32,4,4,4,17,0,1,0,"(0, 1, 2, 3, 4)",5,0.0,10.0,10,42.386821
8,2,64,1,14,1,1,0,"(4, 0, 2, 3, 1)",5,0.0,10.0,10,161.58644149999998
4,128,256,4,15,0,0,1,"(0, 1, 2, 4, 3)",5,0.0,10.0,10,493.561822
4,64,64,1,10,1,0,1,"(0, 1, 2, 4, 3)",5,0.0,10.0,10,529.3731385
128,2,16,1,14,0,0,0,"(0, 1, 2, 4, 3)",5,0.0,10.0,10,22.2722185
128,8,8,2,16,0,1,1,"(1, 0, 2, 4, 3)",5,0.0,10.0,10,2.9447075
128,4,16,2,6,0,1,1,"(0, 1, 2, 3, 4)",5,0.0,10.0,10,14.254224
8,2,64,4,13,0,1,1,"(0, 1, 2, 4, 3)",5,0.0,10.0,10,437.068037
32,128,4,8,4,1,1,0,"(4, 0, 2, 3, 1)",5,0.0,10.0,10,41.4301445
256,64,128,8,8,0,1,1,"(1, 0, 2, 4, 3)",5,0.0,10.0,10,32.580739
256,64,8,4,10,2,1,0,"(1, 0, 4, 3, 2)",5,0.0,10.0,10,0.774131
32,256,2,16,13,2,0,1,"(0, 1, 4, 2, 3)",5,0.0,10.0,10,14.6753235
32,4,2,16,8,2,0,1,"(1, 0, 4, 2, 3)",5,0.0,10.0,10,17.0990055
16,256,2,2,17,1,0,1,"(1, 0, 4, 3, 2)",5,0.0,10.0,10,4.840809999999999
32,32,16,4,10,2,0,1,"(1, 0, 2, 3, 4)",5,0.0,10.0,10,24.855963
16,8,256,1,4,1,1,0,"(0, 1, 4, 2, 3)",5,0.0,10.0,10,2492.6502495
256,128,2,4,7,2,1,1,"(0, 1, 2, 4, 3)",5,0.0,10.0,10,2.5586884999999997
32,2,256,1,7,0,0,1,"(0, 1, 4, 3, 2)",5,0.0,10.0,10,448.8919095
128,128,8,16,13,1,1,0,"(0, 1, 4, 3, 2)",5,0.0,10.0,10,0.939837
128,4,64,16,3,2,1,1,"(0, 4, 3, 2, 1)",5,0.0,10.0,10,2.884943
4,16,16,8,14,2,0,1,"(0, 1, 2, 4, 3)",5,0.0,10.0,10,143.331297
8,32,8,16,4,0,0,0,"(0, 1, 4, 3, 2)",5,0.0,10.0,10,57.853581000000005
128,8,4,2,17,0,0,1,"(0, 1, 2, 3, 4)",5,0.0,10.0,10,6.7760055
128,16,64,2,14,0,1,0,"(0, 1, 2, 4, 3)",5,0.0,10.0,10,8.976486000000001
4,128,2,1,15,1,0,0,"(1, 0, 4, 2, 3)",5,0.0,10.0,10,36.0588705
4,2,128,2,20,2,1,0,"(0, 4, 2, 3, 1)",5,0.0,10.0,10,323.50248799999997
2,256,8,2,5,0,0,1,"(0, 4, 2, 3, 1)",5,0.0,10.0,10,646.67397
2,2,32,32,8,0,0,1,"(0, 1, 2, 3, 4)",5,0.0,10.0,10,822.7764835
8,256,64,32,15,1,1,0,"(0, 1, 2, 3, 4)",5,0.0,10.0,10,86.4685865
16,128,8,32,20,1,1,0,"(1, 0, 2, 4, 3)",5,0.0,10.0,10,29.1885425
2,2,128,8,4,1,0,0,"(0, 1, 4, 2, 3)",5,0.0,10.0,10,16418.960066
64,2,256,1,17,2,1,0,"(4, 0, 2, 3, 1)",5,0.0,10.0,10,20.9246055
8,64,2,1,9,2,1,1,"(0, 1, 4, 3, 2)",5,0.0,10.0,10,147.9722885
128,2,2,16,8,1,1,0,"(1, 0, 4, 3, 2)",5,0.0,10.0,10,34.053561
64,128,8,16,3,2,0,1,"(0, 4, 3, 2, 1)",5,0.0,10.0,10,20.879261999999997
2,4,256,4,18,2,0,1,"(0, 1, 2, 4, 3)",5,0.0,10.0,10,2359.369592
8,2,16,2,11,0,0,0,"(0, 1, 2, 4, 3)",5,0.0,10.0,10,118.438954
8,4,16,1,12,0,0,1,"(0, 4, 3, 2, 1)",5,0.0,10.0,10,161.5589465
128,128,32,2,17,1,0,1,"(1, 0, 2, 4, 3)",5,0.0,10.0,10,11.988176
2,2,64,8,13,0,1,1,"(0, 1, 2, 4, 3)",5,0.0,10.0,10,1675.3807040000002
64,16,32,4,13,1,1,0,"(1, 0, 4, 2, 3)",5,0.0,10.0,10,124.07947999999999
8,2,64,16,17,2,0,0,"(4, 0, 3, 2, 1)",5,0.0,10.0,10,161.6052735
16,128,16,4,4,1,1,0,"(0, 4, 2, 3, 1)",5,0.0,10.0,10,87.736856
4,16,2,1,18,0,1,0,"(0, 4, 2, 3, 1)",5,0.0,10.0,10,322.8581885
8,128,128,1,19,1,0,1,"(1, 0, 4, 3, 2)",5,0.0,10.0,10,98.21437
4,2,8,16,18,0,1,1,"(1, 0, 2, 4, 3)",5,0.0,10.0,10,62.817085000000006
8,16,32,8,18,0,1,0,"(4, 0, 3, 2, 1)",5,0.0,10.0,10,161.60448350000001
8,16,32,1,5,0,0,1,"(1, 0, 2, 3, 4)",5,0.0,10.0,10,442.8223575
8,2,256,16,14,0,1,1,"(4, 0, 2, 3, 1)",5,0.0,10.0,10,162.1272055
128,16,64,4,10,0,0,1,"(4, 0, 3, 2, 1)",5,0.0,10.0,10,10.4861825
16,8,2,16,5,1,0,0,"(1, 0, 2, 3, 4)",5,0.0,10.0,10,65.7320385
2,64,32,32,5,0,1,1,"(1, 0, 4, 2, 3)",5,0.0,10.0,10,2357.5599815
4,32,16,2,6,1,0,0,"(1, 0, 2, 4, 3)",5,0.0,10.0,10,133.7669305
16,256,32,8,17,2,1,1,"(0, 4, 2, 3, 1)",5,0.0,10.0,10,82.190463
32,2,256,1,8,2,0,1,"(4, 0, 2, 3, 1)",5,0.0,10.0,10,10.5895795
4,2,2,2,13,0,0,1,"(0, 1, 4, 3, 2)",5,0.0,10.0,10,380.405808
4,256,32,4,14,2,0,0,"(0, 1, 4, 3, 2)",5,0.0,10.0,10,18.516694
128,32,8,4,16,1,0,0,"(0, 1, 4, 3, 2)",5,0.0,10.0,10,13.6981295
128,8,64,32,12,0,0,1,"(0, 4, 3, 2, 1)",5,0.0,10.0,10,10.479106
128,128,2,4,14,0,1,0,"(4, 0, 2, 3, 1)",5,0.0,10.0,10,10.5529355
4,8,2,32,14,0,0,0,"(1, 0, 4, 3, 2)",5,0.0,10.0,10,48.367709500000004
32,256,32,4,15,2,1,0,"(0, 4, 3, 2, 1)",5,0.0,10.0,10,41.4884395
8,256,32,16,3,1,1,1,"(4, 0, 3, 2, 1)",5,0.0,10.0,10,161.568479
2,128,4,1,18,2,1,0,"(0, 4, 3, 2, 1)",5,0.0,10.0,10,692.7214355
4,16,128,16,7,1,1,0,"(0, 4, 2, 3, 1)",5,0.0,10.0,10,197.7430975
32,64,16,8,19,1,0,1,"(0, 1, 4, 2, 3)",5,0.0,10.0,10,24.795663
128,64,32,1,2,0,0,1,"(0, 4, 3, 2, 1)",5,0.0,10.0,10,10.514056499999999
16,64,256,1,17,0,0,1,"(1, 0, 2, 4, 3)",5,0.0,10.0,10,103.21617499999999
16,32,4,8,9,1,0,0,"(1, 0, 4, 2, 3)",5,0.0,10.0,10,16.358807
64,4,8,1,19,2,0,0,"(4, 0, 3, 2, 1)",5,0.0,10.0,10,5.179267
128,8,128,4,11,0,0,1,"(1, 0, 4, 2, 3)",5,0.0,10.0,10,236.05491999999998
128,256,8,32,14,0,0,0,"(1, 0, 2, 4, 3)",5,0.0,10.0,10,2.3876685
4,2,16,16,15,0,0,1,"(1, 0, 4, 3, 2)",5,0.0,10.0,10,259.57171600000004
16,32,32,32,19,1,0,0,"(0, 1, 2, 3, 4)",5,0.0,10.0,10,23.0938695
2,32,4,8,12,0,1,0,"(4, 0, 3, 2, 1)",5,0.0,10.0,10,392.61028899999997
64,16,16,8,6,1,1,0,"(0, 1, 4, 2, 3)",5,0.0,10.0,10,97.1790785
4,16,128,2,19,0,1,1,"(0, 4, 2, 3, 1)",5,0.0,10.0,10,214.881851
16,8,16,32,16,2,0,0,"(4, 0, 2, 3, 1)",5,0.0,10.0,10,31.2623395
256,8,32,4,5,1,1,0,"(4, 0, 2, 3, 1)",5,0.0,10.0,10,5.3969815
2,4,8,8,5,2,1,0,"(1, 0, 4, 3, 2)",5,0.0,10.0,10,545.8268215
8,128,256,16,8,1,0,1,"(1, 0, 2, 3, 4)",5,0.0,10.0,10,507.449844
16,256,16,8,2,2,1,1,"(0, 4, 2, 3, 1)",5,0.0,10.0,10,108.3950595
256,128,64,1,17,0,1,0,"(0, 4, 2, 3, 1)",5,0.0,10.0,10,6.137385500000001
256,4,128,32,8,2,0,1,"(1, 0, 4, 2, 3)",5,0.0,10.0,10,114.8883065
8,256,2,4,4,2,1,0,"(4, 0, 3, 2, 1)",5,0.0,10.0,10,209.627222
32,32,4,32,6,2,0,1,"(0, 1, 4, 2, 3)",5,0.0,10.0,10,97.4338915
4,128,256,2,14,0,1,1,"(1, 0, 2, 3, 4)",5,0.0,10.0,10,1247.0941855
16,32,4,1,2,0,1,0,"(1, 0, 4, 2, 3)",5,0.0,10.0,10,148.263579
16,2,8,4,15,2,0,1,"(0, 1, 2, 3, 4)",5,0.0,10.0,10,25.3995825
4,16,128,32,2,0,0,1,"(0, 4, 3, 2, 1)",5,0.0,10.0,10,323.0969265
16,4,8,4,19,0,1,0,"(0, 1, 4, 2, 3)",5,0.0,10.0,10,241.435992
128,128,256,4,6,1,0,1,"(0, 1, 2, 3, 4)",5,0.0,10.0,10,94.396631
4,256,64,4,12,0,0,0,"(1, 0, 2, 4, 3)",5,0.0,10.0,10,278.8136055
2,256,16,2,4,0,0,0,"(0, 1, 4, 2, 3)",5,0.0,10.0,10,1406.9013694999999
2,128,4,16,19,1,0,1,"(0, 4, 3, 2, 1)",5,0.0,10.0,10,692.993744
32,128,2,2,4,1,1,1,"(1, 0, 2, 4, 3)",5,0.0,10.0,10,50.492737500000004
2,2,64,2,17,1,1,1,"(0, 1, 2, 4, 3)",5,0.0,10.0,10,1441.2085189999998
32,32,256,16,3,2,0,0,"(1, 0, 2, 3, 4)",5,0.0,10.0,10,212.9306645
64,4,32,32,9,1,0,0,"(1, 0, 4, 3, 2)",5,0.0,10.0,10,14.6963185
2,128,16,8,17,0,1,0,"(4, 0, 3, 2, 1)",5,0.0,10.0,10,645.767865
256,8,4,32,18,1,0,0,"(0, 1, 4, 3, 2)",5,0.0,10.0,10,1.1701745
256,128,32,1,17,0,0,1,"(0, 1, 4, 2, 3)",5,0.0,10.0,10,28.497124999999997
128,32,16,16,2,0,1,1,"(0, 1, 4, 2, 3)",5,0.0,10.0,10,107.9325485
64,4,2,32,6,0,1,0,"(4, 0, 2, 3, 1)",5,0.0,10.0,10,5.44309
4,8,2,4,6,1,1,1,"(0, 1, 2, 3, 4)",5,0.0,10.0,10,481.8942405
8,32,2,2,9,0,1,1,"(1, 0, 4, 2, 3)",5,0.0,10.0,10,41.649772
16,4,4,1,8,1,0,1,"(4, 0, 3, 2, 1)",5,0.0,10.0,10,20.156552
4,128,16,16,19,0,1,1,"(1, 0, 2, 3, 4)",5,0.0,10.0,10,108.4379895
2,16,64,16,13,2,1,1,"(1, 0, 4, 3, 2)",5,0.0,10.0,10,1086.3446025
16,16,8,4,13,1,1,0,"(1, 0, 2, 4, 3)",5,0.0,10.0,10,14.429008
32,64,16,1,12,1,1,0,"(4, 0, 2, 3, 1)",5,0.0,10.0,10,34.728995
64,64,32,4,18,2,0,0,"(4, 0, 3, 2, 1)",5,0.0,10.0,10,20.9506065
8,64,256,1,5,2,0,1,"(1, 0, 2, 3, 4)",5,0.0,10.0,10,828.0269395
64,64,256,1,7,2,1,0,"(1, 0, 4, 2, 3)",5,0.0,10.0,10,960.770168
128,4,4,32,19,1,0,1,"(4, 0, 3, 2, 1)",5,0.0,10.0,10,10.6254955
128,16,128,16,5,2,0,1,"(1, 0, 4, 3, 2)",5,0.0,10.0,10,25.946807999999997
4,128,4,2,3,0,0,1,"(4, 0, 3, 2, 1)",5,0.0,10.0,10,346.86517449999997
256,2,4,1,5,1,0,0,"(1, 0, 2, 3, 4)",5,0.0,10.0,10,13.165354
2,64,4,2,7,1,0,0,"(0, 1, 2, 3, 4)",5,0.0,10.0,10,321.439143
32,64,8,4,20,2,0,0,"(0, 4, 2, 3, 1)",5,0.0,10.0,10,41.656048999999996
8,2,256,1,5,2,1,0,"(1, 0, 4, 2, 3)",5,0.0,10.0,10,6637.4979084999995
2,32,32,2,3,2,0,1,"(0, 4, 3, 2, 1)",5,0.0,10.0,10,364.02662899999996
32,8,4,16,18,0,1,0,"(0, 4, 3, 2, 1)",5,0.0,10.0,10,41.6750315
128,4,128,16,16,2,1,0,"(1, 0, 2, 4, 3)",5,0.0,10.0,10,22.896573
32,128,32,16,14,2,0,0,"(1, 0, 4, 2, 3)",5,0.0,10.0,10,35.9392575
16,16,128,16,18,2,0,1,"(1, 0, 4, 2, 3)",5,0.0,10.0,10,2239.2481070000003
2,2,2,32,5,1,0,0,"(1, 0, 4, 2, 3)",5,0.0,10.0,10,979.1651425
64,2,4,8,14,2,0,0,"(1, 0, 2, 4, 3)",5,0.0,10.0,10,3.4549905
8,16,2,32,7,0,1,1,"(0, 4, 2, 3, 1)",5,0.0,10.0,10,161.74854449999998
32,32,32,32,11,0,0,0,"(1, 0, 2, 3, 4)",5,0.0,10.0,10,15.011823
32,64,128,1,3,1,0,1,"(0, 1, 4, 2, 3)",5,0.0,10.0,10,1747.2126564999999
4,2,128,1,8,2,0,1,"(0, 1, 2, 4, 3)",5,0.0,10.0,10,1468.4611955
4,16,256,8,6,0,1,1,"(0, 1, 2, 4, 3)",5,0.0,10.0,10,2207.279899
8,64,2,4,17,0,1,0,"(0, 1, 2, 3, 4)",5,0.0,10.0,10,40.6530465
128,64,8,16,10,0,0,1,"(0, 1, 4, 3, 2)",5,0.0,10.0,10,2.3100300000000002
128,8,128,32,3,2,0,1,"(0, 1, 4, 2, 3)",5,0.0,10.0,10,606.339598
8,2,128,4,11,1,1,0,"(0, 1, 4, 2, 3)",5,0.0,10.0,10,1969.713327
32,4,128,1,16,1,1,0,"(0, 4, 3, 2, 1)",5,0.0,10.0,10,41.6550725
32,128,2,4,20,1,1,1,"(0, 4, 3, 2, 1)",5,0.0,10.0,10,44.5465685
256,32,2,16,14,0,1,1,"(0, 1, 2, 4, 3)",5,0.0,10.0,10,1.3523975
2,128,8,32,15,0,1,0,"(4, 0, 3, 2, 1)",5,0.0,10.0,10,645.9202359999999
8,16,16,32,16,1,1,0,"(0, 1, 2, 4, 3)",5,0.0,10.0,10,143.64014
16,256,4,4,13,1,1,1,"(1, 0, 2, 4, 3)",5,0.0,10.0,10,30.604084999999998
8,16,16,1,4,1,0,0,"(0, 1, 4, 3, 2)",5,0.0,10.0,10,321.21239549999996
4,8,64,32,20,2,0,0,"(4, 0, 2, 3, 1)",5,0.0,10.0,10,124.008306
2,64,64,1,14,2,0,1,"(0, 1, 4, 3, 2)",5,0.0,10.0,10,75.3392935
8,2,2,8,13,0,0,1,"(0, 1, 2, 4, 3)",5,0.0,10.0,10,78.42033599999999
256,16,64,2,7,2,1,0,"(0, 4, 3, 2, 1)",5,0.0,10.0,10,5.5406785
32,16,2,2,3,2,0,1,"(1, 0, 4, 3, 2)",5,0.0,10.0,10,85.84723
8,4,256,4,16,1,0,0,"(4, 0, 3, 2, 1)",5,0.0,10.0,10,161.7408345
4,4,64,1,8,1,0,0,"(1, 0, 2, 3, 4)",5,0.0,10.0,10,580.54564
32,128,256,8,8,0,0,1,"(0, 4, 3, 2, 1)",5,0.0,10.0,10,44.6713
256,8,8,1,3,2,0,1,"(0, 4, 3, 2, 1)",5,0.0,10.0,10,5.5489180000000005
8,128,4,16,14,2,1,1,"(4, 0, 2, 3, 1)",5,0.0,10.0,10,161.82460650000002
16,16,8,4,2,2,0,1,"(4, 0, 3, 2, 1)",5,0.0,10.0,10,45.808694
8,256,256,32,13,1,1,1,"(0, 1, 4, 3, 2)",5,0.0,10.0,10,95.974928
64,16,4,32,14,1,0,0,"(0, 1, 4, 2, 3)",5,0.0,10.0,10,7.8918725
64,32,8,4,16,1,0,1,"(0, 4, 3, 2, 1)",5,0.0,10.0,10,12.8389125
4,4,2,4,9,0,1,0,"(0, 1, 4, 2, 3)",5,0.0,10.0,10,190.877212
128,128,2,16,4,2,0,0,"(1, 0, 4, 2, 3)",5,0.0,10.0,10,16.711668
64,2,8,1,4,0,1,1,"(1, 0, 4, 2, 3)",5,0.0,10.0,10,91.731663
128,128,128,1,13,2,1,0,"(1, 0, 4, 2, 3)",5,0.0,10.0,10,25.1833545
16,2,32,8,10,2,0,1,"(0, 4, 2, 3, 1)",5,0.0,10.0,10,20.5557345
2,32,32,8,20,0,1,0,"(1, 0, 2, 4, 3)",5,0.0,10.0,10,477.557402
64,32,4,32,12,0,0,1,"(0, 1, 4, 3, 2)",5,0.0,10.0,10,22.486477
8,8,32,4,14,2,0,1,"(0, 4, 2, 3, 1)",5,0.0,10.0,10,161.83694500000001
2,2,8,8,17,2,0,1,"(1, 0, 4, 3, 2)",5,0.0,10.0,10,1682.2795405000002
64,4,8,16,20,1,1,1,"(0, 1, 2, 4, 3)",5,0.0,10.0,10,6.3737455
32,128,128,8,5,1,1,1,"(0, 1, 2, 4, 3)",5,0.0,10.0,10,283.0022325
16,4,16,32,19,0,1,0,"(1, 0, 4, 3, 2)",5,0.0,10.0,10,20.1452345
256,256,128,4,14,0,1,1,"(1, 0, 2, 3, 4)",5,0.0,10.0,10,5.004866
256,4,8,1,13,2,0,1,"(1, 0, 4, 3, 2)",5,0.0,10.0,10,9.8117165
32,8,128,16,7,1,1,0,"(0, 4, 2, 3, 1)",5,0.0,10.0,10,16.294563500000002
64,8,32,32,20,2,1,0,"(0, 1, 2, 4, 3)",5,0.0,10.0,10,28.218940500000002
4,16,2,32,12,2,1,0,"(0, 4, 3, 2, 1)",5,0.0,10.0,10,196.3589025
8,32,256,16,6,0,0,0,"(0, 4, 2, 3, 1)",5,0.0,10.0,10,93.5336655
32,4,64,16,9,1,1,0,"(4, 0, 3, 2, 1)",5,0.0,10.0,10,41.699604
4,128,64,8,12,2,1,1,"(0, 1, 4, 2, 3)",5,0.0,10.0,10,904.6821239999999
32,4,16,8,15,2,1,0,"(4, 0, 3, 2, 1)",5,0.0,10.0,10,41.757243
32,4,16,8,17,2,1,1,"(0, 1, 4, 2, 3)",5,0.0,10.0,10,194.1119855
64,4,2,4,15,2,1,0,"(1, 0, 2, 3, 4)",5,0.0,10.0,10,20.356313999999998
16,4,8,16,12,1,1,1,"(1, 0, 2, 3, 4)",5,0.0,10.0,10,15.002994000000001
32,16,128,8,19,1,1,1,"(0, 4, 2, 3, 1)",5,0.0,10.0,10,23.572496
256,8,128,4,3,2,1,1,"(0, 1, 2, 3, 4)",5,0.0,10.0,10,51.0958955
8,4,256,4,15,1,0,0,"(4, 0, 2, 3, 1)",5,0.0,10.0,10,162.51408750000002
32,8,128,32,15,0,1,0,"(0, 4, 2, 3, 1)",5,0.0,10.0,10,41.738705
64,32,8,1,4,0,1,0,"(1, 0, 2, 3, 4)",5,0.0,10.0,10,8.896442
2,16,4,8,7,2,0,1,"(0, 1, 4, 3, 2)",5,0.0,10.0,10,393.991677
4,128,16,2,8,1,0,1,"(0, 4, 2, 3, 1)",5,0.0,10.0,10,347.4151045
64,16,64,8,19,2,1,0,"(0, 1, 4, 3, 2)",5,0.0,10.0,10,33.3870575
32,256,32,32,10,0,1,1,"(0, 4, 3, 2, 1)",5,0.0,10.0,10,54.926317999999995
8,128,8,4,18,1,1,1,"(0, 1, 2, 3, 4)",5,0.0,10.0,10,53.439508000000004
32,2,256,4,7,1,0,0,"(1, 0, 4, 2, 3)",5,0.0,10.0,10,1253.299137
4,128,32,2,9,0,1,1,"(0, 1, 2, 4, 3)",5,0.0,10.0,10,713.3628255
4,4,256,8,10,0,1,1,"(0, 1, 4, 2, 3)",5,0.0,10.0,10,7043.480772
16,8,8,16,2,0,1,1,"(4, 0, 2, 3, 1)",5,0.0,10.0,10,81.8083725
32,8,16,4,6,2,0,1,"(0, 4, 2, 3, 1)",5,0.0,10.0,10,16.173976
4,64,8,1,3,2,1,1,"(0, 1, 4, 2, 3)",5,0.0,10.0,10,2051.8851290000002
8,2,256,1,13,1,1,1,"(0, 1, 4, 3, 2)",5,0.0,10.0,10,1287.6724795
256,8,64,8,5,0,1,1,"(0, 1, 4, 2, 3)",5,0.0,10.0,10,83.08175750000001
2,32,2,1,11,0,1,0,"(4, 0, 2, 3, 1)",5,0.0,10.0,10,371.989473
32,32,2,32,12,0,1,0,"(4, 0, 2, 3, 1)",5,0.0,10.0,10,41.6812215
16,2,256,2,12,0,0,1,"(1, 0, 2, 4, 3)",5,0.0,10.0,10,168.24377950000002
16,256,32,1,12,2,0,1,"(4, 0, 3, 2, 1)",5,0.0,10.0,10,106.6083835
8,32,256,8,7,2,0,1,"(1, 0, 4, 3, 2)",5,0.0,10.0,10,289.0251095
32,2,64,32,10,0,1,0,"(4, 0, 3, 2, 1)",5,0.0,10.0,10,10.732569000000002
256,8,32,8,11,0,0,1,"(1, 0, 4, 3, 2)",5,0.0,10.0,10,2.624151
8,32,16,32,9,1,0,0,"(0, 4, 2, 3, 1)",5,0.0,10.0,10,161.9617275
64,256,64,16,4,0,1,1,"(0, 1, 4, 2, 3)",5,0.0,10.0,10,429.713524
128,128,64,1,10,0,0,1,"(1, 0, 4, 3, 2)",5,0.0,10.0,10,1.7313185
32,128,32,32,8,0,1,0,"(1, 0, 2, 3, 4)",5,0.0,10.0,10,48.228059
4,16,4,8,12,1,1,1,"(0, 4, 3, 2, 1)",5,0.0,10.0,10,323.1492255
2,256,256,4,15,2,1,0,"(1, 0, 2, 3, 4)",5,0.0,10.0,10,710.1395895
128,4,64,16,4,0,0,0,"(0, 1, 2, 4, 3)",5,0.0,10.0,10,23.650556
16,16,4,16,16,1,0,1,"(0, 1, 2, 3, 4)",5,0.0,10.0,10,14.750467
32,128,8,8,9,1,0,0,"(0, 1, 4, 2, 3)",5,0.0,10.0,10,32.2359745
4,4,128,1,5,1,0,0,"(1, 0, 2, 4, 3)",5,0.0,10.0,10,1647.0597910000001
256,8,16,2,14,1,0,0,"(4, 0, 3, 2, 1)",5,0.0,10.0,10,2.3853225
16,256,32,32,2,0,0,1,"(4, 0, 3, 2, 1)",5,0.0,10.0,10,81.7482705
2,64,4,8,2,2,1,0,"(4, 0, 2, 3, 1)",5,0.0,10.0,10,402.4775055
64,8,2,8,8,0,0,1,"(0, 1, 4, 2, 3)",5,0.0,10.0,10,16.20287
256,16,64,16,8,2,1,0,"(0, 1, 2, 4, 3)",5,0.0,10.0,10,7.5898755
4,64,16,32,18,1,0,1,"(4, 0, 3, 2, 1)",5,0.0,10.0,10,220.0704415
8,2,256,16,20,1,1,1,"(0, 4, 3, 2, 1)",5,0.0,10.0,10,54.3882025
128,16,32,16,10,1,0,1,"(0, 1, 2, 3, 4)",5,0.0,10.0,10,15.2367405
64,64,8,1,3,0,1,0,"(0, 1, 4, 3, 2)",5,0.0,10.0,10,11.8263975
128,16,128,2,12,0,0,0,"(4, 0, 2, 3, 1)",5,0.0,10.0,10,6.240568
128,64,16,4,8,1,0,1,"(0, 1, 4, 2, 3)",5,0.0,10.0,10,19.18672
256,8,32,4,16,2,1,0,"(4, 0, 3, 2, 1)",5,0.0,10.0,10,2.4679665
32,32,2,4,4,1,0,1,"(1, 0, 4, 3, 2)",5,0.0,10.0,10,84.5626035
8,32,8,4,13,1,0,0,"(4, 0, 3, 2, 1)",5,0.0,10.0,10,91.53500650000001
8,256,256,8,13,2,1,0,"(0, 1, 4, 2, 3)",5,0.0,10.0,10,6863.382626
128,256,16,2,8,0,1,1,"(0, 4, 3, 2, 1)",5,0.0,10.0,10,14.0253415
16,128,64,1,19,1,0,0,"(1, 0, 2, 4, 3)",5,0.0,10.0,10,101.651128
128,8,128,16,13,0,0,1,"(0, 1, 4, 2, 3)",5,0.0,10.0,10,62.958203
64,256,4,32,12,1,0,1,"(1, 0, 2, 3, 4)",5,0.0,10.0,10,4.487331
2,128,32,8,6,1,0,0,"(0, 1, 2, 3, 4)",5,0.0,10.0,10,496.444682
2,256,64,32,10,0,1,0,"(0, 4, 3, 2, 1)",5,0.0,10.0,10,827.9174025
256,64,16,16,12,0,0,0,"(0, 1, 2, 4, 3)",5,0.0,10.0,10,5.3153714999999995
2,8,256,1,3,0,0,0,"(0, 1, 2, 3, 4)",5,0.0,10.0,10,5841.7475675
8,64,16,1,11,0,1,1,"(0, 1, 2, 4, 3)",5,0.0,10.0,10,103.825643
4,2,32,16,8,0,0,1,"(0, 4, 2, 3, 1)",5,0.0,10.0,10,323.4848235
256,256,16,16,10,1,0,1,"(0, 4, 3, 2, 1)",5,0.0,10.0,10,5.586207
2,64,4,2,13,2,0,0,"(1, 0, 4, 3, 2)",5,0.0,10.0,10,525.2227095000001
2,2,64,16,2,2,0,1,"(4, 0, 2, 3, 1)",5,0.0,10.0,10,646.5645245
32,16,16,4,3,0,0,0,"(4, 0, 3, 2, 1)",5,0.0,10.0,10,41.94085
64,32,8,1,8,1,1,1,"(1, 0, 4, 2, 3)",5,0.0,10.0,10,51.346828
256,4,32,16,6,2,1,1,"(1, 0, 2, 4, 3)",5,0.0,10.0,10,7.1651095
128,64,64,4,13,0,0,0,"(1, 0, 4, 3, 2)",5,0.0,10.0,10,9.270869000000001
32,128,16,32,7,2,0,0,"(0, 4, 3, 2, 1)",5,0.0,10.0,10,44.7963075
2,64,64,4,20,1,1,0,"(1, 0, 2, 4, 3)",5,0.0,10.0,10,752.8499865
2,8,8,8,12,1,0,1,"(0, 1, 4, 2, 3)",5,0.0,10.0,10,1965.144847
128,4,8,2,20,0,0,0,"(0, 1, 2, 3, 4)",5,0.0,10.0,10,11.885273999999999
64,16,2,2,12,2,1,0,"(1, 0, 2, 4, 3)",5,0.0,10.0,10,12.2229805
4,2,256,2,13,2,1,0,"(1, 0, 4, 2, 3)",5,0.0,10.0,10,5143.973904
4,256,4,2,3,0,1,0,"(1, 0, 2, 4, 3)",5,0.0,10.0,10,141.2625215
8,32,4,2,2,1,1,1,"(1, 0, 2, 4, 3)",5,0.0,10.0,10,210.266849
2,128,2,8,3,1,0,0,"(1, 0, 2, 3, 4)",5,0.0,10.0,10,205.444659
256,128,8,8,12,0,1,1,"(0, 1, 4, 3, 2)",5,0.0,10.0,10,0.9457765
256,128,256,8,14,1,0,0,"(1, 0, 2, 4, 3)",5,0.0,10.0,10,10.060084499999999
256,64,32,1,20,2,1,0,"(0, 1, 4, 2, 3)",5,0.0,10.0,10,4.506902
128,128,16,2,9,2,1,1,"(1, 0, 2, 3, 4)",5,0.0,10.0,10,3.142318
32,2,16,2,6,2,0,0,"(4, 0, 2, 3, 1)",5,0.0,10.0,10,42.007461500000005
256,128,32,4,5,1,0,0,"(0, 1, 2, 4, 3)",5,0.0,10.0,10,12.9261915
8,2,128,32,15,1,0,0,"(0, 1, 4, 3, 2)",5,0.0,10.0,10,1012.1043875
16,128,16,32,18,1,1,0,"(1, 0, 2, 3, 4)",5,0.0,10.0,10,26.7080225
8,64,128,2,6,0,0,1,"(0, 1, 2, 3, 4)",5,0.0,10.0,10,1624.3268325
256,64,2,4,9,0,0,1,"(0, 1, 2, 4, 3)",5,0.0,10.0,10,4.5810065
8,32,64,32,13,1,0,0,"(0, 1, 2, 4, 3)",5,0.0,10.0,10,252.2391935
8,8,2,16,19,0,1,1,"(1, 0, 2, 4, 3)",5,0.0,10.0,10,17.9986015
8,16,8,1,4,0,1,0,"(0, 4, 2, 3, 1)",5,0.0,10.0,10,161.78691049999998
4,128,32,32,3,2,1,1,"(0, 1, 4, 3, 2)",5,0.0,10.0,10,688.5087715
4,128,8,16,13,0,0,1,"(4, 0, 2, 3, 1)",5,0.0,10.0,10,323.6646375
4,256,32,8,5,1,1,1,"(0, 1, 2, 3, 4)",5,0.0,10.0,10,737.334515
128,32,256,4,3,2,0,1,"(4, 0, 3, 2, 1)",5,0.0,10.0,10,6.554412
64,8,16,2,16,1,1,1,"(0, 1, 2, 4, 3)",5,0.0,10.0,10,40.3855385
128,32,64,16,9,1,1,1,"(0, 4, 3, 2, 1)",5,0.0,10.0,10,11.041819
64,8,256,4,4,1,0,1,"(4, 0, 2, 3, 1)",5,0.0,10.0,10,9.364806999999999
128,32,64,4,9,0,0,1,"(0, 4, 3, 2, 1)",5,0.0,10.0,10,10.917205500000001
32,4,2,16,18,2,1,0,"(1, 0, 4, 3, 2)",5,0.0,10.0,10,72.48168
32,256,16,16,11,0,0,0,"(1, 0, 2, 4, 3)",5,0.0,10.0,10,18.2974615
8,128,256,2,15,2,1,0,"(0, 4, 2, 3, 1)",5,0.0,10.0,10,182.333979
16,8,8,2,2,2,1,1,"(0, 4, 3, 2, 1)",5,0.0,10.0,10,81.925859
2,64,16,8,2,0,1,0,"(0, 1, 2, 3, 4)",5,0.0,10.0,10,1127.17811
128,64,4,32,7,0,1,1,"(0, 1, 2, 4, 3)",5,0.0,10.0,10,11.0454555
64,128,256,4,12,0,1,0,"(1, 0, 4, 2, 3)",5,0.0,10.0,10,735.285238
128,128,128,1,14,0,0,1,"(0, 4, 3, 2, 1)",5,0.0,10.0,10,11.6771305
128,128,64,1,8,1,0,1,"(1, 0, 2, 4, 3)",5,0.0,10.0,10,43.176564
32,2,64,2,5,0,0,0,"(1, 0, 2, 4, 3)",5,0.0,10.0,10,139.271497
16,256,256,16,20,1,1,0,"(1, 0, 4, 2, 3)",5,0.0,10.0,10,2961.116476
2,256,128,16,10,1,0,0,"(1, 0, 2, 3, 4)",5,0.0,10.0,10,1775.09122
32,16,16,32,12,0,1,0,"(4, 0, 2, 3, 1)",5,0.0,10.0,10,41.9536215
2,2,16,4,4,0,1,0,"(4, 0, 3, 2, 1)",5,0.0,10.0,10,646.0076690000001
16,64,8,2,20,1,0,1,"(1, 0, 4, 3, 2)",5,0.0,10.0,10,7.0815555
32,256,256,32,13,2,1,1,"(0, 4, 2, 3, 1)",5,0.0,10.0,10,58.941104
64,8,128,8,3,2,0,1,"(0, 4, 3, 2, 1)",5,0.0,10.0,10,21.307842
2,128,256,4,7,0,1,0,"(0, 1, 4, 2, 3)",5,0.0,10.0,10,30252.998827
256,4,32,32,2,0,0,0,"(1, 0, 2, 3, 4)",5,0.0,10.0,10,11.209911
32,4,2,8,2,2,1,0,"(4, 0, 2, 3, 1)",5,0.0,10.0,10,41.831427500000004
2,8,4,16,5,2,0,0,"(0, 1, 4, 3, 2)",5,0.0,10.0,10,375.495308
16,32,4,32,20,1,0,1,"(4, 0, 3, 2, 1)",5,0.0,10.0,10,81.85318050000001
64,32,64,1,4,2,1,1,"(1, 0, 2, 4, 3)",5,0.0,10.0,10,152.412355
8,128,2,32,14,0,0,1,"(1, 0, 4, 3, 2)",5,0.0,10.0,10,13.057179999999999
64,2,64,1,6,1,0,1,"(4, 0, 2, 3, 1)",5,0.0,10.0,10,5.959459000000001
2,2,16,32,17,1,0,1,"(1, 0, 4, 3, 2)",5,0.0,10.0,10,469.397154
128,32,16,8,10,0,1,0,"(0, 4, 3, 2, 1)",5,0.0,10.0,10,10.854693000000001
128,8,8,32,4,0,1,0,"(0, 1, 4, 2, 3)",5,0.0,10.0,10,21.606896499999998
4,128,64,16,20,0,1,1,"(0, 4, 2, 3, 1)",5,0.0,10.0,10,363.2258775
64,32,8,8,7,0,0,0,"(0, 1, 4, 3, 2)",5,0.0,10.0,10,5.409515
8,32,64,4,15,0,1,0,"(1, 0, 4, 3, 2)",5,0.0,10.0,10,187.68239849999998
32,8,2,8,3,1,0,1,"(1, 0, 2, 3, 4)",5,0.0,10.0,10,70.4909
4,256,4,32,16,1,0,0,"(0, 1, 2, 3, 4)",5,0.0,10.0,10,84.863369
256,64,4,8,6,0,1,1,"(4, 0, 2, 3, 1)",5,0.0,10.0,10,4.2105545
32,2,2,1,18,0,0,1,"(0, 1, 4, 3, 2)",5,0.0,10.0,10,124.78411750000001
128,32,4,1,13,2,0,1,"(0, 1, 4, 2, 3)",5,0.0,10.0,10,21.661107
2,128,64,16,13,2,1,0,"(0, 1, 4, 3, 2)",5,0.0,10.0,10,48.781258
256,2,4,16,15,2,0,0,"(0, 1, 2, 4, 3)",5,0.0,10.0,10,6.4897785
8,64,4,32,7,1,0,0,"(4, 0, 3, 2, 1)",5,0.0,10.0,10,162.2519855
2,64,32,32,19,0,1,1,"(0, 1, 2, 4, 3)",5,0.0,10.0,10,364.5154965
8,32,4,2,20,2,0,1,"(0, 1, 2, 3, 4)",5,0.0,10.0,10,22.562163
64,64,128,16,7,0,0,1,"(0, 1, 4, 2, 3)",5,0.0,10.0,10,678.011473
64,32,32,1,17,0,0,1,"(0, 4, 3, 2, 1)",5,0.0,10.0,10,21.182527999999998
128,32,64,8,4,0,0,0,"(0, 1, 4, 2, 3)",5,0.0,10.0,10,159.882246
256,2,64,8,20,0,0,1,"(4, 0, 3, 2, 1)",5,0.0,10.0,10,5.7955695
16,2,128,32,5,2,1,1,"(1, 0, 2, 4, 3)",5,0.0,10.0,10,489.767466
64,8,4,8,12,2,0,0,"(0, 1, 2, 4, 3)",5,0.0,10.0,10,4.7635825
32,64,4,8,16,1,0,0,"(1, 0, 2, 4, 3)",5,0.0,10.0,10,4.5053395
128,4,8,16,11,1,0,0,"(0, 4, 3, 2, 1)",5,0.0,10.0,10,3.373284
128,64,8,8,20,0,0,1,"(0, 1, 2, 3, 4)",5,0.0,10.0,10,2.175221
8,4,32,16,2,0,1,1,"(0, 1, 4, 2, 3)",5,0.0,10.0,10,3477.8253210000003
32,2,4,1,14,2,1,1,"(0, 4, 2, 3, 1)",5,0.0,10.0,10,41.842352000000005
16,128,32,1,2,1,1,1,"(1, 0, 2, 4, 3)",5,0.0,10.0,10,370.42041900000004
32,4,32,16,8,0,0,0,"(1, 0, 2, 4, 3)",5,0.0,10.0,10,21.92282
8,8,2,2,9,1,0,1,"(0, 4, 3, 2, 1)",5,0.0,10.0,10,68.59391
8,16,64,8,12,2,1,1,"(1, 0, 2, 3, 4)",5,0.0,10.0,10,284.3479305
4,16,256,4,9,2,1,0,"(4, 0, 2, 3, 1)",5,0.0,10.0,10,183.640616
64,4,256,1,17,0,0,0,"(0, 1, 4, 2, 3)",5,0.0,10.0,10,335.008336
256,32,8,2,15,1,1,1,"(1, 0, 2, 4, 3)",5,0.0,10.0,10,1.6611155
2,2,4,2,15,2,0,1,"(0, 1, 2, 4, 3)",5,0.0,10.0,10,753.5741754999999
256,256,4,32,4,1,1,1,"(4, 0, 3, 2, 1)",5,0.0,10.0,10,7.2057465
256,16,16,32,11,0,0,1,"(0, 1, 4, 3, 2)",5,0.0,10.0,10,2.279251
2,2,2,1,2,2,0,1,"(0, 1, 4, 2, 3)",5,0.0,10.0,10,2909.0838430000003
4,2,4,32,8,1,1,1,"(4, 0, 3, 2, 1)",5,0.0,10.0,10,323.411173
4,2,256,4,7,2,1,1,"(0, 4, 3, 2, 1)",5,0.0,10.0,10,323.478847
128,256,8,4,14,0,0,0,"(0, 1, 2, 4, 3)",5,0.0,10.0,10,2.5606869999999997
64,16,256,32,14,2,1,0,"(4, 0, 2, 3, 1)",5,0.0,10.0,10,21.506422999999998
32,16,16,8,13,1,1,1,"(0, 1, 4, 3, 2)",5,0.0,10.0,10,61.2997355
2,16,2,4,9,1,1,0,"(0, 1, 4, 2, 3)",5,0.0,10.0,10,1083.1403930000001
256,4,8,16,6,0,1,1,"(1, 0, 4, 2, 3)",5,0.0,10.0,10,12.4609175
2,8,64,4,7,0,1,0,"(0, 4, 3, 2, 1)",5,0.0,10.0,10,646.1585225
32,2,256,8,3,2,0,0,"(0, 4, 2, 3, 1)",5,0.0,10.0,10,10.927029000000001
4,16,8,16,5,2,1,0,"(0, 4, 3, 2, 1)",5,0.0,10.0,10,181.312287
256,16,4,8,18,1,1,1,"(1, 0, 2, 4, 3)",5,0.0,10.0,10,3.446448
2,128,256,8,17,2,1,1,"(0, 1, 2, 3, 4)",5,0.0,10.0,10,3102.473657
128,2,256,4,15,1,1,0,"(4, 0, 2, 3, 1)",5,0.0,10.0,10,3.3305575000000003
256,2,2,32,11,0,1,1,"(0, 1, 2, 3, 4)",5,0.0,10.0,10,2.8566599999999998
32,2,64,16,19,0,0,1,"(0, 4, 2, 3, 1)",5,0.0,10.0,10,10.879193
256,32,64,2,14,2,0,1,"(0, 4, 2, 3, 1)",5,0.0,10.0,10,3.92516
16,4,256,8,16,2,0,1,"(1, 0, 4, 3, 2)",5,0.0,10.0,10,140.2616845
8,256,2,2,10,0,1,0,"(0, 4, 3, 2, 1)",5,0.0,10.0,10,162.05473849999998
128,4,64,1,11,0,0,0,"(0, 1, 4, 2, 3)",5,0.0,10.0,10,165.033573
8,16,128,2,19,2,1,0,"(0, 4, 2, 3, 1)",5,0.0,10.0,10,91.924757
8,16,4,32,7,0,1,1,"(0, 4, 3, 2, 1)",5,0.0,10.0,10,162.137234
256,64,64,2,5,2,1,1,"(1, 0, 2, 4, 3)",5,0.0,10.0,10,40.743106999999995
32,8,128,1,7,2,1,1,"(1, 0, 2, 4, 3)",5,0.0,10.0,10,344.480046
32,2,128,4,18,2,1,0,"(0, 4, 2, 3, 1)",5,0.0,10.0,10,11.697478
32,4,16,4,2,0,1,1,"(0, 1, 4, 2, 3)",5,0.0,10.0,10,593.3579195
128,128,256,32,5,0,1,0,"(4, 0, 3, 2, 1)",5,0.0,10.0,10,11.381187
16,32,8,1,4,1,1,0,"(0, 4, 2, 3, 1)",5,0.0,10.0,10,46.678135499999996
4,4,32,32,4,1,1,1,"(4, 0, 2, 3, 1)",5,0.0,10.0,10,79.3279785
4,32,32,1,3,0,0,1,"(0, 1, 4, 3, 2)",5,0.0,10.0,10,799.9382145
32,16,128,32,9,0,0,0,"(0, 4, 2, 3, 1)",5,0.0,10.0,10,23.8599705
32,128,32,8,7,2,1,1,"(0, 1, 4, 2, 3)",5,0.0,10.0,10,124.548705
16,8,64,1,7,2,1,0,"(0, 1, 4, 3, 2)",5,0.0,10.0,10,55.7700825
8,64,64,16,9,0,1,0,"(1, 0, 4, 3, 2)",5,0.0,10.0,10,151.050315
8,256,8,8,5,2,0,1,"(1, 0, 4, 3, 2)",5,0.0,10.0,10,124.31777450000001
4,256,8,2,5,1,1,1,"(0, 4, 2, 3, 1)",5,0.0,10.0,10,324.0143945
4,4,256,1,7,0,0,1,"(0, 1, 4, 2, 3)",5,0.0,10.0,10,10694.121661
32,8,32,1,2,1,1,0,"(0, 1, 2, 3, 4)",5,0.0,10.0,10,192.915575
2,256,128,16,13,1,0,1,"(0, 1, 2, 3, 4)",5,0.0,10.0,10,1705.926535
256,8,4,8,7,1,1,0,"(0, 4, 2, 3, 1)",5,0.0,10.0,10,5.950969000000001
2,32,4,32,11,0,1,1,"(4, 0, 2, 3, 1)",5,0.0,10.0,10,646.06242
4,64,2,2,8,1,1,1,"(4, 0, 2, 3, 1)",5,0.0,10.0,10,323.3509535
256,2,2,16,17,2,0,1,"(0, 1, 2, 4, 3)",5,0.0,10.0,10,2.2248504999999996
256,128,4,32,18,0,1,0,"(0, 1, 4, 3, 2)",5,0.0,10.0,10,3.6586625
64,2,64,8,3,2,1,1,"(1, 0, 2, 3, 4)",5,0.0,10.0,10,124.09814349999999
16,64,64,2,6,1,0,1,"(0, 4, 2, 3, 1)",5,0.0,10.0,10,59.9468425
16,4,64,32,6,2,0,0,"(4, 0, 3, 2, 1)",5,0.0,10.0,10,27.9649755
4,8,32,4,3,1,1,0,"(1, 0, 2, 4, 3)",5,0.0,10.0,10,429.3316685
64,64,8,1,7,1,0,1,"(1, 0, 4, 2, 3)",5,0.0,10.0,10,51.793553
16,128,2,2,13,0,1,1,"(0, 1, 2, 3, 4)",5,0.0,10.0,10,27.051420999999998
16,256,8,8,3,1,1,1,"(0, 4, 3, 2, 1)",5,0.0,10.0,10,106.62708599999999
128,256,256,8,11,2,1,0,"(0, 4, 2, 3, 1)",5,0.0,10.0,10,15.315156
256,2,64,2,9,2,0,1,"(1, 0, 4, 2, 3)",5,0.0,10.0,10,67.17966100000001
64,16,16,32,10,0,0,1,"(1, 0, 2, 3, 4)",5,0.0,10.0,10,16.264331
8,4,64,4,17,2,1,0,"(1, 0, 2, 4, 3)",5,0.0,10.0,10,61.970889
16,16,128,16,14,0,1,0,"(4, 0, 3, 2, 1)",5,0.0,10.0,10,82.041312
16,32,32,16,2,0,1,1,"(0, 1, 2, 4, 3)",5,0.0,10.0,10,551.093042
4,2,128,8,20,0,1,0,"(1, 0, 2, 4, 3)",5,0.0,10.0,10,203.93275699999998
8,8,4,16,5,1,1,1,"(0, 4, 2, 3, 1)",5,0.0,10.0,10,62.398126500000004
4,2,8,16,11,1,0,0,"(4, 0, 3, 2, 1)",5,0.0,10.0,10,323.3823405
16,256,128,8,5,0,0,1,"(1, 0, 4, 3, 2)",5,0.0,10.0,10,29.170845
128,32,32,1,14,1,0,0,"(0, 1, 4, 2, 3)",5,0.0,10.0,10,61.5132605
128,4,8,4,7,2,1,0,"(1, 0, 2, 3, 4)",5,0.0,10.0,10,14.1985495
256,8,16,2,20,0,1,0,"(0, 1, 4, 3, 2)",5,0.0,10.0,10,1.9372924999999999
256,32,256,4,19,2,0,0,"(0, 1, 2, 3, 4)",5,0.0,10.0,10,4.9873475
256,2,16,32,19,1,1,1,"(0, 4, 2, 3, 1)",5,0.0,10.0,10,1.9594494999999998
2,128,256,8,15,2,0,0,"(0, 4, 3, 2, 1)",5,0.0,10.0,10,646.7750384999999
256,8,4,16,20,0,0,1,"(0, 4, 2, 3, 1)",5,0.0,10.0,10,2.8560084999999997
32,4,4,16,15,2,0,0,"(0, 1, 2, 3, 4)",5,0.0,10.0,10,44.861536
128,128,128,2,7,0,0,1,"(4, 0, 3, 2, 1)",5,0.0,10.0,10,10.981807499999999
16,8,256,16,20,1,0,1,"(1, 0, 4, 3, 2)",5,0.0,10.0,10,199.2016415
2,256,16,32,9,0,0,1,"(0, 4, 3, 2, 1)",5,0.0,10.0,10,842.763632
16,4,8,2,7,0,1,1,"(0, 1, 4, 3, 2)",5,0.0,10.0,10,321.309979
4,4,128,2,14,1,1,0,"(0, 1, 2, 4, 3)",5,0.0,10.0,10,1515.6459140000002
256,16,64,4,12,1,1,0,"(4, 0, 3, 2, 1)",5,0.0,10.0,10,3.7786929999999996
16,16,32,32,2,1,1,0,"(0, 1, 2, 4, 3)",5,0.0,10.0,10,309.066296
2,32,16,2,10,0,1,0,"(0, 1, 2, 4, 3)",5,0.0,10.0,10,341.009329
2,256,2,16,13,2,1,0,"(1, 0, 2, 3, 4)",5,0.0,10.0,10,136.620412
256,32,256,2,7,0,1,1,"(0, 4, 2, 3, 1)",5,0.0,10.0,10,6.1184995
128,8,2,8,9,2,1,1,"(4, 0, 2, 3, 1)",5,0.0,10.0,10,11.2047265
8,256,32,4,8,0,1,0,"(1, 0, 4, 2, 3)",5,0.0,10.0,10,240.9509995
16,4,64,16,18,2,0,1,"(0, 1, 2, 3, 4)",5,0.0,10.0,10,132.717499
256,16,256,32,8,2,1,0,"(0, 4, 2, 3, 1)",5,0.0,10.0,10,3.6825609999999998
256,256,32,32,4,2,1,0,"(4, 0, 3, 2, 1)",5,0.0,10.0,10,7.642580000000001
64,16,128,1,2,0,1,1,"(1, 0, 4, 2, 3)",5,0.0,10.0,10,978.149287
256,8,256,1,7,0,0,1,"(1, 0, 4, 3, 2)",5,0.0,10.0,10,17.948407500000002
128,16,16,16,4,1,1,0,"(0, 1, 4, 2, 3)",5,0.0,10.0,10,30.356099
16,32,128,8,16,2,1,0,"(1, 0, 2, 4, 3)",5,0.0,10.0,10,219.076073
4,16,4,1,17,2,0,1,"(1, 0, 2, 3, 4)",5,0.0,10.0,10,28.1118645
8,256,4,16,11,1,1,1,"(0, 4, 2, 3, 1)",5,0.0,10.0,10,214.95073150000002
128,16,128,2,17,1,0,1,"(0, 1, 4, 2, 3)",5,0.0,10.0,10,39.7060545
64,4,256,32,14,1,1,1,"(0, 1, 4, 3, 2)",5,0.0,10.0,10,40.0583435
32,32,64,16,13,0,1,0,"(4, 0, 3, 2, 1)",5,0.0,10.0,10,26.602014500000003
2,32,64,16,18,1,1,1,"(1, 0, 2, 3, 4)",5,0.0,10.0,10,746.185796
8,32,16,2,16,2,0,1,"(4, 0, 2, 3, 1)",5,0.0,10.0,10,95.182054
8,32,2,1,4,2,1,1,"(0, 1, 4, 2, 3)",5,0.0,10.0,10,477.041121
4,256,64,2,9,1,0,1,"(0, 4, 2, 3, 1)",5,0.0,10.0,10,428.7457825
8,32,256,32,13,0,1,1,"(4, 0, 3, 2, 1)",5,0.0,10.0,10,162.23057799999998
2,16,16,32,17,2,0,0,"(0, 4, 3, 2, 1)",5,0.0,10.0,10,361.605993
64,4,256,32,16,2,1,1,"(1, 0, 2, 4, 3)",5,0.0,10.0,10,35.548463
128,64,4,2,9,1,0,1,"(0, 1, 4, 3, 2)",5,0.0,10.0,10,5.724133999999999
32,256,256,2,18,2,0,1,"(1, 0, 4, 2, 3)",5,0.0,10.0,10,1549.086595
2,16,8,16,2,1,1,0,"(0, 4, 2, 3, 1)",5,0.0,10.0,10,646.407384
16,4,256,2,11,0,1,0,"(0, 1, 4, 2, 3)",5,0.0,10.0,10,1000.7313435
32,256,128,4,4,1,1,1,"(0, 1, 4, 2, 3)",5,0.0,10.0,10,1680.5618465
64,16,4,16,17,0,0,1,"(0, 4, 2, 3, 1)",5,0.0,10.0,10,21.4280885
256,8,128,32,9,2,1,1,"(0, 1, 4, 3, 2)",5,0.0,10.0,10,16.693142
32,128,4,8,14,0,1,1,"(0, 1, 4, 2, 3)",5,0.0,10.0,10,18.5795815
8,4,32,8,8,0,0,0,"(0, 1, 4, 3, 2)",5,0.0,10.0,10,582.0334985
64,2,128,8,20,2,1,1,"(4, 0, 2, 3, 1)",5,0.0,10.0,10,7.9113430000000005
2,16,256,4,4,1,1,1,"(0, 1, 4, 2, 3)",5,0.0,10.0,10,23964.669729
256,2,8,1,17,2,1,1,"(0, 1, 4, 2, 3)",5,0.0,10.0,10,6.0235445
2,4,64,32,6,2,0,1,"(1, 0, 4, 2, 3)",5,0.0,10.0,10,5854.27451
128,4,128,4,13,2,0,0,"(4, 0, 2, 3, 1)",5,0.0,10.0,10,11.2431485
128,4,256,2,10,0,0,0,"(1, 0, 4, 3, 2)",5,0.0,10.0,10,24.538483
2,256,8,2,17,2,1,1,"(1, 0, 4, 3, 2)",5,0.0,10.0,10,234.4862025
64,4,4,2,17,2,0,1,"(0, 4, 2, 3, 1)",5,0.0,10.0,10,8.4529215
64,8,256,32,18,2,1,1,"(0, 4, 3, 2, 1)",5,0.0,10.0,10,21.4296335
2,2,4,4,17,1,0,1,"(1, 0, 4, 2, 3)",5,0.0,10.0,10,361.349749
32,64,2,2,8,1,0,0,"(1, 0, 4, 3, 2)",5,0.0,10.0,10,33.889787
64,2,32,2,8,1,0,0,"(1, 0, 4, 3, 2)",5,0.0,10.0,10,105.94968800000001
8,256,256,2,7,1,1,0,"(0, 1, 2, 4, 3)",5,0.0,10.0,10,910.195684
32,64,8,1,4,0,0,0,"(1, 0, 4, 3, 2)",5,0.0,10.0,10,9.9118275
16,256,16,4,18,0,1,1,"(0, 4, 3, 2, 1)",5,0.0,10.0,10,108.319144
16,4,256,2,9,2,0,0,"(0, 4, 2, 3, 1)",5,0.0,10.0,10,21.085279999999997
16,64,8,2,8,0,0,0,"(0, 1, 2, 3, 4)",5,0.0,10.0,10,24.805667
16,128,2,2,8,1,0,0,"(1, 0, 2, 3, 4)",5,0.0,10.0,10,10.778989
2,32,8,8,19,0,1,0,"(1, 0, 2, 4, 3)",5,0.0,10.0,10,77.351579
32,256,16,2,16,2,0,1,"(1, 0, 2, 3, 4)",5,0.0,10.0,10,6.7847015
2,2,2,32,16,0,0,0,"(1, 0, 4, 3, 2)",5,0.0,10.0,10,300.43685
8,16,16,1,3,0,0,1,"(1, 0, 2, 3, 4)",5,0.0,10.0,10,331.56133850000003
64,8,32,16,6,1,0,0,"(1, 0, 2, 4, 3)",5,0.0,10.0,10,39.325131
64,4,128,2,20,2,1,1,"(0, 1, 2, 3, 4)",5,0.0,10.0,10,14.205218
128,32,128,8,9,0,0,0,"(0, 4, 3, 2, 1)",5,0.0,10.0,10,11.120363
4,64,64,4,2,0,0,0,"(0, 1, 4, 3, 2)",5,0.0,10.0,10,223.115724
256,4,4,32,2,0,0,1,"(1, 0, 4, 3, 2)",5,0.0,10.0,10,23.885374499999998
256,4,128,2,13,0,1,0,"(1, 0, 2, 4, 3)",5,0.0,10.0,10,19.564033000000002
256,8,128,2,19,1,1,1,"(4, 0, 3, 2, 1)",5,0.0,10.0,10,5.9637835
4,32,8,1,10,1,1,0,"(4, 0, 2, 3, 1)",5,0.0,10.0,10,323.661246
4,32,8,1,15,0,0,1,"(0, 4, 2, 3, 1)",5,0.0,10.0,10,195.051776
4,2,8,8,18,1,1,0,"(0, 1, 2, 3, 4)",5,0.0,10.0,10,174.506766
8,8,2,2,10,2,0,0,"(0, 1, 4, 3, 2)",5,0.0,10.0,10,295.0537805
128,2,8,8,8,1,0,1,"(0, 4, 3, 2, 1)",5,0.0,10.0,10,11.3164075
2,16,32,32,8,1,1,1,"(4, 0, 3, 2, 1)",5,0.0,10.0,10,646.3743995
16,32,2,4,14,0,1,1,"(0, 1, 2, 3, 4)",5,0.0,10.0,10,17.9866975
4,256,256,2,10,2,1,0,"(0, 4, 2, 3, 1)",5,0.0,10.0,10,353.146074
128,8,64,8,20,1,0,0,"(0, 1, 4, 2, 3)",5,0.0,10.0,10,17.795034
16,256,2,32,9,0,1,0,"(0, 4, 2, 3, 1)",5,0.0,10.0,10,82.247406
128,32,2,2,7,0,0,0,"(4, 0, 3, 2, 1)",5,0.0,10.0,10,11.431855500000001
4,16,64,1,12,0,1,1,"(0, 4, 3, 2, 1)",5,0.0,10.0,10,323.64319950000004
128,2,128,32,20,1,0,0,"(4, 0, 2, 3, 1)",5,0.0,10.0,10,4.3335475
256,32,64,4,2,2,0,0,"(4, 0, 3, 2, 1)",5,0.0,10.0,10,6.3115105
8,16,32,8,13,0,1,0,"(1, 0, 2, 3, 4)",5,0.0,10.0,10,131.5133985
128,16,128,1,3,2,0,1,"(1, 0, 2, 4, 3)",5,0.0,10.0,10,153.61314299999998
4,16,16,16,14,2,0,1,"(0, 1, 2, 4, 3)",5,0.0,10.0,10,341.55471
8,256,32,16,4,2,1,0,"(0, 1, 4, 3, 2)",5,0.0,10.0,10,153.3693695
64,32,32,1,5,1,0,0,"(0, 4, 2, 3, 1)",5,0.0,10.0,10,21.825498000000003
16,64,16,1,13,2,0,1,"(4, 0, 2, 3, 1)",5,0.0,10.0,10,55.0419095
128,64,2,1,12,0,1,0,"(0, 1, 4, 2, 3)",5,0.0,10.0,10,15.9893405
32,2,2,2,5,1,0,0,"(1, 0, 4, 2, 3)",5,0.0,10.0,10,70.67894100000001
8,64,64,8,4,0,1,0,"(4, 0, 2, 3, 1)",5,0.0,10.0,10,114.491233
8,128,256,16,3,1,0,1,"(0, 4, 3, 2, 1)",5,0.0,10.0,10,162.6758
8,4,8,32,13,0,0,0,"(0, 4, 2, 3, 1)",5,0.0,10.0,10,162.27372450000001
8,2,8,1,16,2,0,0,"(0, 1, 4, 2, 3)",5,0.0,10.0,10,446.16918699999997
8,4,4,32,8,1,0,1,"(0, 1, 4, 2, 3)",5,0.0,10.0,10,269.0780975
2,128,32,16,4,1,1,1,"(0, 1, 2, 4, 3)",5,0.0,10.0,10,3429.3440565
2,256,4,1,13,1,0,0,"(4, 0, 3, 2, 1)",5,0.0,10.0,10,839.7143005
4,16,128,32,5,0,1,1,"(1, 0, 4, 2, 3)",5,0.0,10.0,10,7592.111611
16,8,4,1,18,2,0,0,"(4, 0, 2, 3, 1)",5,0.0,10.0,10,82.2295405
16,32,64,32,5,1,0,0,"(0, 4, 3, 2, 1)",5,0.0,10.0,10,47.000287
2,4,64,32,12,2,0,0,"(1, 0, 4, 2, 3)",5,0.0,10.0,10,8669.109606
2,32,32,16,4,1,1,0,"(0, 1, 2, 3, 4)",5,0.0,10.0,10,747.10706
256,256,2,16,6,2,1,0,"(0, 1, 2, 4, 3)",5,0.0,10.0,10,2.4324244999999998
128,2,32,4,13,0,0,1,"(4, 0, 2, 3, 1)",5,0.0,10.0,10,4.429771000000001
16,16,64,2,16,0,0,0,"(0, 1, 4, 3, 2)",5,0.0,10.0,10,17.7264765
32,4,128,2,3,1,1,1,"(0, 1, 2, 4, 3)",5,0.0,10.0,10,792.0319235
64,256,128,2,17,0,1,0,"(0, 1, 2, 3, 4)",5,0.0,10.0,10,36.654253999999995
4,64,8,32,17,0,1,1,"(0, 1, 2, 3, 4)",5,0.0,10.0,10,127.13908
64,64,64,2,13,2,0,0,"(4, 0, 2, 3, 1)",5,0.0,10.0,10,21.396172999999997
32,64,256,4,7,2,1,1,"(0, 1, 4, 3, 2)",5,0.0,10.0,10,69.3279875
16,64,8,16,19,2,1,0,"(0, 1, 2, 3, 4)",5,0.0,10.0,10,25.960732
8,256,4,1,10,2,1,1,"(0, 1, 2, 3, 4)",5,0.0,10.0,10,65.936736
8,256,64,16,15,1,0,1,"(0, 4, 2, 3, 1)",5,0.0,10.0,10,212.87211150000002
64,2,32,16,12,2,1,1,"(0, 1, 4, 3, 2)",5,0.0,10.0,10,114.662907
64,32,2,16,15,0,0,0,"(0, 1, 4, 2, 3)",5,0.0,10.0,10,5.744665
32,2,16,16,7,0,0,0,"(0, 1, 4, 3, 2)",5,0.0,10.0,10,203.5108285
64,16,4,2,3,1,1,1,"(1, 0, 4, 3, 2)",5,0.0,10.0,10,44.2349515
8,16,64,16,11,1,1,1,"(0, 1, 2, 4, 3)",5,0.0,10.0,10,427.7454845
128,16,64,32,10,1,0,1,"(1, 0, 2, 3, 4)",5,0.0,10.0,10,10.2765995
8,2,4,32,16,0,1,0,"(1, 0, 4, 3, 2)",5,0.0,10.0,10,76.94038950000001
4,4,64,2,5,1,0,1,"(0, 1, 2, 3, 4)",5,0.0,10.0,10,1730.3862345
32,4,256,8,12,1,1,0,"(0, 1, 4, 2, 3)",5,0.0,10.0,10,452.98190850000003
8,8,64,1,6,0,0,1,"(0, 4, 3, 2, 1)",5,0.0,10.0,10,62.60477
256,64,2,16,12,2,1,0,"(0, 1, 2, 3, 4)",5,0.0,10.0,10,2.729401
4,64,2,1,14,1,0,1,"(1, 0, 2, 4, 3)",5,0.0,10.0,10,110.565225
4,128,4,8,6,2,0,0,"(0, 1, 2, 4, 3)",5,0.0,10.0,10,106.374197
4,64,128,32,7,1,0,0,"(0, 4, 3, 2, 1)",5,0.0,10.0,10,200.64852100000002
16,4,32,16,16,2,1,0,"(0, 1, 2, 4, 3)",5,0.0,10.0,10,39.30162249999999
32,32,32,4,5,2,1,1,"(0, 4, 3, 2, 1)",5,0.0,10.0,10,42.459545
32,8,4,2,5,1,0,1,"(0, 1, 2, 3, 4)",5,0.0,10.0,10,57.218897
64,64,2,16,20,2,0,0,"(4, 0, 3, 2, 1)",5,0.0,10.0,10,13.5238735
128,4,256,1,11,2,0,0,"(1, 0, 4, 3, 2)",5,0.0,10.0,10,21.964265
16,32,32,1,2,0,0,0,"(4, 0, 3, 2, 1)",5,0.0,10.0,10,82.28254
256,128,16,32,2,1,0,0,"(0, 4, 2, 3, 1)",5,0.0,10.0,10,6.7044685
8,256,32,2,12,0,1,1,"(0, 1, 4, 3, 2)",5,0.0,10.0,10,16.345697
128,2,2,16,16,1,0,1,"(1, 0, 2, 3, 4)",5,0.0,10.0,10,12.546682
256,8,32,4,15,2,1,1,"(0, 1, 4, 2, 3)",5,0.0,10.0,10,36.0823785
128,256,4,2,14,1,0,1,"(0, 1, 4, 3, 2)",5,0.0,10.0,10,1.827147
4,16,16,2,5,2,1,0,"(0, 1, 2, 4, 3)",5,0.0,10.0,10,537.823556
4,2,32,32,12,1,1,0,"(4, 0, 3, 2, 1)",5,0.0,10.0,10,323.72321650000004
8,4,64,4,10,0,0,1,"(0, 4, 3, 2, 1)",5,0.0,10.0,10,162.5853385
64,2,16,16,19,2,1,1,"(0, 1, 2, 4, 3)",5,0.0,10.0,10,7.674379999999999
32,4,8,16,8,2,0,0,"(1, 0, 2, 4, 3)",5,0.0,10.0,10,11.287982
4,4,256,32,15,2,0,0,"(4, 0, 3, 2, 1)",5,0.0,10.0,10,79.550995
16,4,256,2,13,0,1,0,"(4, 0, 3, 2, 1)",5,0.0,10.0,10,82.5822585
8,16,64,32,7,1,1,0,"(4, 0, 3, 2, 1)",5,0.0,10.0,10,94.656964
8,4,2,1,8,2,0,0,"(0, 1, 2, 4, 3)",5,0.0,10.0,10,211.4200735
256,32,32,2,3,1,0,1,"(0, 1, 2, 3, 4)",5,0.0,10.0,10,23.9464865
4,128,64,1,20,2,1,0,"(1, 0, 2, 3, 4)",5,0.0,10.0,10,106.33123
256,4,256,32,14,0,1,0,"(0, 1, 4, 3, 2)",5,0.0,10.0,10,8.2971595
32,4,256,32,15,1,1,0,"(1, 0, 2, 4, 3)",5,0.0,10.0,10,131.0638835
2,256,16,16,3,0,1,1,"(0, 1, 2, 3, 4)",5,0.0,10.0,10,1471.187552
32,4,16,2,3,0,0,0,"(0, 4, 3, 2, 1)",5,0.0,10.0,10,42.316424
4,64,16,1,19,2,1,0,"(4, 0, 3, 2, 1)",5,0.0,10.0,10,222.7085285
4,128,64,4,7,0,1,0,"(1, 0, 4, 3, 2)",5,0.0,10.0,10,226.185813
64,4,8,8,18,2,0,0,"(0, 1, 4, 2, 3)",5,0.0,10.0,10,68.7184335
256,128,4,16,10,0,0,0,"(1, 0, 4, 2, 3)",5,0.0,10.0,10,8.7580475
128,2,4,16,15,2,0,0,"(1, 0, 4, 2, 3)",5,0.0,10.0,10,17.962527
16,8,16,8,11,0,1,1,"(0, 4, 2, 3, 1)",5,0.0,10.0,10,34.027432
8,2,256,2,19,2,0,1,"(0, 1, 4, 2, 3)",5,0.0,10.0,10,2189.170474
256,2,4,4,3,1,1,0,"(0, 1, 4, 3, 2)",5,0.0,10.0,10,30.091807
32,2,16,32,17,2,0,0,"(1, 0, 4, 2, 3)",5,0.0,10.0,10,124.099914
4,256,2,1,17,1,1,1,"(0, 1, 4, 3, 2)",5,0.0,10.0,10,38.1836145
2,32,256,8,18,0,0,1,"(0, 1, 4, 2, 3)",5,0.0,10.0,10,3125.6841835
128,8,256,16,7,1,0,1,"(1, 0, 4, 2, 3)",5,0.0,10.0,10,306.82004900000004
4,4,2,1,6,2,0,1,"(0, 4, 2, 3, 1)",5,0.0,10.0,10,323.970523
8,32,256,1,6,1,0,1,"(4, 0, 2, 3, 1)",5,0.0,10.0,10,164.85645649999998
64,64,32,4,14,1,1,1,"(0, 1, 2, 3, 4)",5,0.0,10.0,10,25.493113
128,32,16,2,13,1,0,0,"(1, 0, 4, 2, 3)",5,0.0,10.0,10,36.1111815
2,128,8,2,9,1,1,1,"(0, 1, 2, 3, 4)",5,0.0,10.0,10,276.566504
32,2,64,8,13,1,1,1,"(0, 1, 2, 3, 4)",5,0.0,10.0,10,49.402019499999994
8,2,4,1,15,2,0,1,"(0, 1, 2, 4, 3)",5,0.0,10.0,10,52.465481999999994
256,16,8,1,18,2,0,1,"(0, 4, 3, 2, 1)",5,0.0,10.0,10,3.9176124999999997
4,2,8,2,14,1,0,1,"(0, 1, 2, 3, 4)",5,0.0,10.0,10,814.0897649999999
256,32,256,1,17,2,1,0,"(4, 0, 2, 3, 1)",5,0.0,10.0,10,4.329077
4,2,128,16,9,0,1,0,"(0, 1, 4, 3, 2)",5,0.0,10.0,10,2339.949748
128,64,2,32,13,0,0,0,"(0, 1, 4, 2, 3)",5,0.0,10.0,10,3.3205175000000002
4,4,32,8,9,2,1,0,"(0, 1, 2, 3, 4)",5,0.0,10.0,10,181.0025665
2,32,4,4,20,2,1,0,"(0, 1, 4, 2, 3)",5,0.0,10.0,10,1071.9333035
16,256,128,2,14,2,0,1,"(1, 0, 4, 3, 2)",5,0.0,10.0,10,6.9057545000000005
256,8,2,16,12,1,0,0,"(0, 1, 2, 4, 3)",5,0.0,10.0,10,2.422828
128,4,2,16,9,1,0,1,"(1, 0, 2, 3, 4)",5,0.0,10.0,10,15.309268
128,2,8,16,5,0,1,0,"(0, 4, 2, 3, 1)",5,0.0,10.0,10,3.709615
32,64,32,2,16,2,0,0,"(0, 1, 4, 2, 3)",5,0.0,10.0,10,232.663367
256,16,2,16,6,0,0,0,"(0, 1, 4, 2, 3)",5,0.0,10.0,10,8.871203
8,8,32,8,13,2,0,0,"(0, 1, 4, 3, 2)",5,0.0,10.0,10,47.515441499999994
2,4,4,32,8,2,1,1,"(0, 4, 2, 3, 1)",5,0.0,10.0,10,646.1986294999999
32,8,64,2,3,2,0,0,"(4, 0, 3, 2, 1)",5,0.0,10.0,10,42.062996999999996
8,64,16,2,20,2,1,0,"(0, 4, 3, 2, 1)",5,0.0,10.0,10,103.389287
4,128,32,32,13,0,0,0,"(1, 0, 4, 2, 3)",5,0.0,10.0,10,1635.8049525000001
8,256,128,1,12,1,0,0,"(0, 1, 4, 3, 2)",5,0.0,10.0,10,69.0169715
64,32,2,2,9,1,1,1,"(0, 4, 3, 2, 1)",5,0.0,10.0,10,13.2617695
64,256,128,8,12,1,0,1,"(4, 0, 3, 2, 1)",5,0.0,10.0,10,28.121415
4,8,8,16,16,0,1,1,"(0, 1, 2, 3, 4)",5,0.0,10.0,10,71.7272585
128,8,4,32,14,2,0,1,"(0, 1, 2, 3, 4)",5,0.0,10.0,10,3.450103
16,256,128,4,17,0,0,1,"(1, 0, 4, 2, 3)",5,0.0,10.0,10,1786.2345925
256,2,32,2,13,2,0,1,"(4, 0, 2, 3, 1)",5,0.0,10.0,10,6.228929
2,32,64,32,20,2,1,0,"(1, 0, 2, 3, 4)",5,0.0,10.0,10,617.5863079999999
4,256,16,2,8,1,1,1,"(0, 1, 4, 2, 3)",5,0.0,10.0,10,1819.7520315
8,32,8,8,15,0,0,1,"(1, 0, 2, 3, 4)",5,0.0,10.0,10,63.0090585
4,4,8,8,13,2,0,0,"(1, 0, 2, 3, 4)",5,0.0,10.0,10,314.106458
2,128,8,8,15,2,1,0,"(0, 1, 4, 3, 2)",5,0.0,10.0,10,352.295436
4,8,128,16,15,2,0,0,"(1, 0, 4, 2, 3)",5,0.0,10.0,10,6924.654225
32,32,2,32,5,2,1,0,"(1, 0, 4, 2, 3)",5,0.0,10.0,10,62.212729499999995
64,2,16,2,2,0,0,0,"(0, 1, 2, 3, 4)",5,0.0,10.0,10,48.6654365
8,8,128,1,17,2,0,1,"(0, 1, 2, 3, 4)",5,0.0,10.0,10,343.56969449999997
8,8,2,32,16,0,1,0,"(1, 0, 2, 3, 4)",5,0.0,10.0,10,12.874279
32,64,32,2,3,2,0,1,"(4, 0, 3, 2, 1)",5,0.0,10.0,10,29.895997
8,128,256,32,14,1,1,0,"(0, 1, 4, 3, 2)",5,0.0,10.0,10,17.6912485
256,4,8,32,3,0,1,1,"(0, 1, 2, 4, 3)",5,0.0,10.0,10,20.105208
128,2,16,32,17,2,1,0,"(0, 4, 2, 3, 1)",5,0.0,10.0,10,3.6627925
2,4,256,4,9,2,1,1,"(4, 0, 3, 2, 1)",5,0.0,10.0,10,647.0076839999999
4,32,128,2,14,0,1,0,"(0, 4, 2, 3, 1)",5,0.0,10.0,10,326.1981555
4,2,256,1,7,2,0,0,"(1, 0, 2, 4, 3)",5,0.0,10.0,10,825.9710235
16,4,8,2,17,1,0,1,"(0, 1, 2, 3, 4)",5,0.0,10.0,10,129.007701
4,128,128,8,5,2,0,1,"(0, 4, 3, 2, 1)",5,0.0,10.0,10,347.7299345
4,32,64,2,18,1,1,0,"(1, 0, 4, 3, 2)",5,0.0,10.0,10,26.256192
8,128,4,2,15,0,1,1,"(1, 0, 2, 4, 3)",5,0.0,10.0,10,19.486717
256,2,2,1,16,0,1,1,"(1, 0, 4, 2, 3)",5,0.0,10.0,10,10.145951499999999
2,4,2,2,9,2,1,1,"(0, 1, 2, 4, 3)",5,0.0,10.0,10,358.983556
256,128,32,4,18,1,1,0,"(4, 0, 2, 3, 1)",5,0.0,10.0,10,6.858598000000001
64,128,2,32,4,2,0,1,"(4, 0, 3, 2, 1)",5,0.0,10.0,10,21.7511995
8,256,16,1,16,0,1,0,"(0, 1, 2, 4, 3)",5,0.0,10.0,10,120.344657
32,256,64,16,20,1,0,0,"(0, 4, 3, 2, 1)",5,0.0,10.0,10,42.369902499999995
256,128,8,2,2,2,0,0,"(1, 0, 2, 4, 3)",5,0.0,10.0,10,7.5728925
32,32,64,4,18,1,0,1,"(1, 0, 4, 3, 2)",5,0.0,10.0,10,50.298669000000004
4,128,8,8,17,0,0,0,"(4, 0, 3, 2, 1)",5,0.0,10.0,10,360.216328
2,32,32,1,17,2,0,1,"(0, 1, 2, 3, 4)",5,0.0,10.0,10,601.7659065
32,128,256,8,17,1,0,0,"(0, 4, 2, 3, 1)",5,0.0,10.0,10,47.7637775
4,256,8,2,17,0,0,1,"(0, 1, 4, 2, 3)",5,0.0,10.0,10,185.607797
32,8,4,4,19,2,1,0,"(1, 0, 2, 3, 4)",5,0.0,10.0,10,26.3320385
16,16,16,8,4,2,1,1,"(0, 1, 4, 3, 2)",5,0.0,10.0,10,79.164883
8,64,2,2,2,2,1,1,"(0, 1, 2, 3, 4)",5,0.0,10.0,10,294.4449885
16,128,128,16,15,1,1,0,"(0, 1, 4, 2, 3)",5,0.0,10.0,10,2021.618316
8,128,16,4,13,2,1,0,"(4, 0, 3, 2, 1)",5,0.0,10.0,10,174.48654299999998
64,8,16,8,7,1,0,1,"(4, 0, 3, 2, 1)",5,0.0,10.0,10,8.953928
16,128,16,4,13,2,0,1,"(4, 0, 2, 3, 1)",5,0.0,10.0,10,88.636134
256,64,256,1,20,1,1,1,"(0, 1, 2, 3, 4)",5,0.0,10.0,10,6.5407905
8,4,32,8,12,1,0,1,"(0, 1, 2, 4, 3)",5,0.0,10.0,10,427.9288265
16,256,16,4,20,1,1,1,"(1, 0, 2, 4, 3)",5,0.0,10.0,10,45.49619
8,16,64,8,7,2,0,1,"(0, 4, 3, 2, 1)",5,0.0,10.0,10,91.37072900000001
32,64,256,32,15,1,0,0,"(0, 4, 2, 3, 1)",5,0.0,10.0,10,32.9426755
128,8,256,2,9,2,1,0,"(0, 4, 2, 3, 1)",5,0.0,10.0,10,5.407753
2,64,4,8,20,2,1,0,"(1, 0, 4, 2, 3)",5,0.0,10.0,10,998.8871325
32,32,256,2,14,1,0,0,"(0, 4, 2, 3, 1)",5,0.0,10.0,10,29.243448
32,8,4,2,18,0,0,0,"(0, 1, 4, 2, 3)",5,0.0,10.0,10,80.946665
8,2,64,1,19,2,0,1,"(0, 4, 3, 2, 1)",5,0.0,10.0,10,162.555393
4,128,32,8,3,0,1,1,"(0, 1, 2, 3, 4)",5,0.0,10.0,10,1414.2018295
4,64,64,32,4,1,0,0,"(1, 0, 4, 3, 2)",5,0.0,10.0,10,83.1149385
128,32,256,32,19,0,0,0,"(0, 4, 2, 3, 1)",5,0.0,10.0,10,7.4570355
2,128,2,16,11,2,0,1,"(4, 0, 2, 3, 1)",5,0.0,10.0,10,695.755273
256,2,4,16,13,1,1,1,"(0, 1, 4, 2, 3)",5,0.0,10.0,10,17.385723
8,8,32,2,9,1,0,1,"(1, 0, 4, 2, 3)",5,0.0,10.0,10,1386.2696415
256,4,64,2,2,1,0,0,"(0, 4, 3, 2, 1)",5,0.0,10.0,10,6.042365
2,256,256,2,4,2,0,0,"(1, 0, 4, 2, 3)",5,0.0,10.0,10,30116.794747
32,128,128,32,3,1,1,0,"(1, 0, 2, 4, 3)",5,0.0,10.0,10,352.7298155
4,32,64,8,13,2,1,0,"(0, 1, 4, 3, 2)",5,0.0,10.0,10,44.407499
2,32,2,8,15,1,1,0,"(1, 0, 2, 4, 3)",5,0.0,10.0,10,219.52624250000002
2,2,4,4,16,0,0,0,"(1, 0, 4, 3, 2)",5,0.0,10.0,10,1532.2754465
256,128,256,16,8,2,0,1,"(4, 0, 3, 2, 1)",5,0.0,10.0,10,6.2261869999999995
256,4,128,8,5,0,0,0,"(0, 1, 2, 4, 3)",5,0.0,10.0,10,39.360152
16,8,4,2,5,2,1,0,"(1, 0, 2, 4, 3)",5,0.0,10.0,10,79.29082299999999
2,256,64,8,6,1,0,0,"(1, 0, 4, 3, 2)",5,0.0,10.0,10,67.132306
16,256,16,2,8,0,0,0,"(4, 0, 3, 2, 1)",5,0.0,10.0,10,107.33962
2,4,4,16,16,0,1,1,"(1, 0, 2, 4, 3)",5,0.0,10.0,10,653.819716
8,64,4,1,15,1,0,1,"(1, 0, 4, 2, 3)",5,0.0,10.0,10,50.0178435
4,128,128,16,19,2,1,1,"(1, 0, 4, 3, 2)",5,0.0,10.0,10,199.5011175
256,32,16,16,12,2,0,1,"(0, 1, 4, 2, 3)",5,0.0,10.0,10,8.770559500000001
2,4,2,4,13,2,1,1,"(1, 0, 2, 3, 4)",5,0.0,10.0,10,104.872404
64,128,128,16,19,0,1,1,"(4, 0, 3, 2, 1)",5,0.0,10.0,10,21.6094025
32,64,256,4,9,0,1,0,"(1, 0, 2, 4, 3)",5,0.0,10.0,10,249.76182799999998
256,2,32,4,19,0,0,0,"(1, 0, 2, 4, 3)",5,0.0,10.0,10,2.9696905
128,2,128,8,2,2,1,1,"(1, 0, 4, 2, 3)",5,0.0,10.0,10,1049.6145815
32,256,64,1,17,0,0,1,"(0, 1, 4, 2, 3)",5,0.0,10.0,10,413.5489675
16,8,64,16,2,0,1,0,"(1, 0, 2, 3, 4)",5,0.0,10.0,10,243.1828115
2,4,128,8,9,2,0,1,"(1, 0, 2, 4, 3)",5,0.0,10.0,10,1372.97525
8,32,8,1,8,0,1,1,"(1, 0, 2, 3, 4)",5,0.0,10.0,10,166.748514
256,16,4,8,2,1,0,0,"(0, 1, 2, 3, 4)",5,0.0,10.0,10,7.477295
128,2,4,4,5,2,1,1,"(1, 0, 4, 2, 3)",5,0.0,10.0,10,48.930950499999994
2,256,32,1,2,0,1,0,"(0, 1, 4, 2, 3)",5,0.0,10.0,10,4428.1250045
128,2,256,16,14,0,0,0,"(0, 1, 4, 2, 3)",5,0.0,10.0,10,156.1482305
8,2,256,2,8,1,1,1,"(0, 4, 3, 2, 1)",5,0.0,10.0,10,55.914953
2,16,64,4,5,2,0,1,"(0, 1, 4, 2, 3)",5,0.0,10.0,10,18519.754418
32,256,4,1,7,0,1,0,"(0, 1, 4, 2, 3)",5,0.0,10.0,10,82.4993155
2,4,128,32,14,0,1,1,"(0, 1, 2, 4, 3)",5,0.0,10.0,10,1062.6640295000002
64,32,4,16,16,1,1,0,"(1, 0, 2, 4, 3)",5,0.0,10.0,10,10.071674
4,16,2,2,11,1,0,1,"(1, 0, 4, 2, 3)",5,0.0,10.0,10,467.97501950000003
8,8,32,32,19,0,1,1,"(0, 4, 2, 3, 1)",5,0.0,10.0,10,63.068042
16,2,8,1,8,2,1,0,"(0, 4, 3, 2, 1)",5,0.0,10.0,10,82.3571295
64,64,16,2,3,1,1,1,"(0, 4, 2, 3, 1)",5,0.0,10.0,10,15.892139
32,64,128,16,10,1,1,0,"(0, 1, 2, 4, 3)",5,0.0,10.0,10,67.194435
32,64,64,4,20,1,0,1,"(1, 0, 4, 3, 2)",5,0.0,10.0,10,3.708163
4,16,8,32,12,0,0,0,"(0, 1, 4, 2, 3)",5,0.0,10.0,10,207.993336
256,32,8,8,14,0,0,0,"(0, 4, 3, 2, 1)",5,0.0,10.0,10,6.752824
4,8,4,1,7,0,0,1,"(0, 1, 2, 4, 3)",5,0.0,10.0,10,436.4654655
64,8,128,1,2,2,0,0,"(1, 0, 4, 2, 3)",5,0.0,10.0,10,473.139145
256,4,256,2,9,2,1,0,"(1, 0, 2, 4, 3)",5,0.0,10.0,10,16.706433
256,8,2,16,8,2,0,0,"(0, 4, 3, 2, 1)",5,0.0,10.0,10,3.2246129999999997
16,256,64,1,3,1,0,0,"(0, 1, 2, 3, 4)",5,0.0,10.0,10,178.81059299999998
16,256,2,16,6,2,0,0,"(0, 1, 2, 3, 4)",5,0.0,10.0,10,27.483877
4,256,64,8,10,1,0,0,"(1, 0, 2, 3, 4)",5,0.0,10.0,10,507.0814515
8,32,64,8,12,0,0,0,"(4, 0, 3, 2, 1)",5,0.0,10.0,10,162.914897
256,32,128,2,19,1,0,1,"(0, 1, 4, 2, 3)",5,0.0,10.0,10,132.45737350000002
64,128,8,16,6,2,1,1,"(1, 0, 2, 3, 4)",5,0.0,10.0,10,28.884913500000003
16,8,32,1,7,1,1,1,"(1, 0, 2, 4, 3)",5,0.0,10.0,10,173.53677499999998
256,8,8,4,3,2,0,0,"(0, 1, 2, 3, 4)",5,0.0,10.0,10,8.127095
2,64,128,1,15,1,1,1,"(4, 0, 3, 2, 1)",5,0.0,10.0,10,647.307783
4,2,128,32,7,2,1,1,"(0, 1, 2, 4, 3)",5,0.0,10.0,10,796.182574
64,8,128,32,2,2,1,0,"(1, 0, 4, 2, 3)",5,0.0,10.0,10,473.1471155
32,16,32,16,2,1,1,0,"(1, 0, 2, 4, 3)",5,0.0,10.0,10,140.2868995
64,128,128,4,12,0,0,1,"(0, 4, 3, 2, 1)",5,0.0,10.0,10,22.179898
128,16,128,32,19,1,0,1,"(0, 4, 3, 2, 1)",5,0.0,10.0,10,11.393874499999999
32,128,32,16,11,1,1,1,"(0, 4, 2, 3, 1)",5,0.0,10.0,10,46.110198999999994
2,16,16,1,3,0,1,1,"(0, 1, 4, 2, 3)",5,0.0,10.0,10,7500.00478
8,64,16,16,15,2,0,1,"(4, 0, 2, 3, 1)",5,0.0,10.0,10,162.621733
32,2,16,1,4,0,1,1,"(0, 1, 4, 3, 2)",5,0.0,10.0,10,427.021102
2,4,32,1,18,0,1,0,"(1, 0, 4, 3, 2)",5,0.0,10.0,10,236.68496599999997
256,4,256,16,10,0,0,0,"(0, 4, 2, 3, 1)",5,0.0,10.0,10,2.5858220000000003
8,256,2,1,16,2,0,1,"(0, 1, 4, 3, 2)",5,0.0,10.0,10,11.3342235
16,256,128,32,7,1,0,0,"(1, 0, 4, 3, 2)",5,0.0,10.0,10,53.074509
64,128,128,8,4,0,0,0,"(0, 4, 3, 2, 1)",5,0.0,10.0,10,23.472565000000003
4,2,256,2,2,1,1,0,"(0, 1, 2, 3, 4)",5,0.0,10.0,10,3211.378651
16,2,256,16,2,2,0,1,"(0, 4, 2, 3, 1)",5,0.0,10.0,10,21.8760625
64,16,32,4,15,2,1,0,"(1, 0, 2, 3, 4)",5,0.0,10.0,10,16.162716500000002
2,32,128,32,3,0,1,1,"(1, 0, 4, 3, 2)",5,0.0,10.0,10,1977.3775335
128,8,8,1,13,2,0,1,"(1, 0, 4, 2, 3)",5,0.0,10.0,10,6.723803500000001
128,32,64,4,4,2,0,1,"(4, 0, 3, 2, 1)",5,0.0,10.0,10,11.660417500000001
32,2,128,4,6,2,1,1,"(0, 4, 3, 2, 1)",5,0.0,10.0,10,11.60106
64,128,128,16,3,1,0,0,"(0, 1, 4, 2, 3)",5,0.0,10.0,10,889.7490835
256,16,8,8,19,0,0,1,"(0, 1, 4, 3, 2)",5,0.0,10.0,10,6.689914
32,16,64,8,20,2,0,0,"(1, 0, 4, 3, 2)",5,0.0,10.0,10,6.1604385
2,8,64,16,20,1,0,1,"(0, 4, 2, 3, 1)",5,0.0,10.0,10,260.87478450000003
64,32,256,4,2,1,0,0,"(0, 1, 2, 4, 3)",5,0.0,10.0,10,210.4986715
128,128,128,2,3,1,1,1,"(0, 4, 2, 3, 1)",5,0.0,10.0,10,12.8354775
32,128,4,8,10,1,1,0,"(1, 0, 4, 3, 2)",5,0.0,10.0,10,23.8617035
32,128,2,1,3,2,0,0,"(0, 4, 2, 3, 1)",5,0.0,10.0,10,42.865646999999996
16,16,64,32,8,2,1,1,"(0, 4, 2, 3, 1)",5,0.0,10.0,10,82.57221100000001
64,128,16,16,7,1,0,0,"(0, 1, 4, 2, 3)",5,0.0,10.0,10,77.681509
16,64,64,32,8,0,0,1,"(1, 0, 4, 3, 2)",5,0.0,10.0,10,93.052063
64,2,16,16,13,2,1,0,"(0, 1, 4, 2, 3)",5,0.0,10.0,10,30.684059
4,2,256,8,9,2,1,1,"(0, 4, 2, 3, 1)",5,0.0,10.0,10,325.3803425
4,4,16,1,17,1,0,0,"(0, 1, 2, 4, 3)",5,0.0,10.0,10,916.6462845000001
64,2,2,1,16,0,0,0,"(1, 0, 2, 4, 3)",5,0.0,10.0,10,28.3317505
64,16,128,2,17,1,0,1,"(4, 0, 3, 2, 1)",5,0.0,10.0,10,22.011180500000002
16,8,256,32,3,1,1,0,"(1, 0, 4, 3, 2)",5,0.0,10.0,10,386.109983
8,32,256,32,15,0,1,1,"(0, 4, 3, 2, 1)",5,0.0,10.0,10,104.260323
256,32,8,1,5,2,0,1,"(0, 1, 2, 4, 3)",5,0.0,10.0,10,18.0201505
8,4,64,4,4,0,0,0,"(0, 1, 4, 3, 2)",5,0.0,10.0,10,361.65552349999996
8,128,128,16,17,2,0,1,"(4, 0, 2, 3, 1)",5,0.0,10.0,10,183.131794
16,4,16,32,10,0,0,0,"(4, 0, 3, 2, 1)",5,0.0,10.0,10,82.7070405
64,128,2,16,2,2,0,1,"(1, 0, 4, 3, 2)",5,0.0,10.0,10,14.334658999999998
16,4,8,1,11,0,0,0,"(0, 1, 4, 3, 2)",5,0.0,10.0,10,259.388238
128,256,256,2,14,0,0,1,"(0, 1, 4, 3, 2)",5,0.0,10.0,10,5.6772735
128,128,2,4,11,2,1,0,"(1, 0, 4, 2, 3)",5,0.0,10.0,10,2.831143
2,128,32,2,4,1,0,0,"(0, 1, 4, 3, 2)",5,0.0,10.0,10,562.842915
16,64,32,2,3,2,0,1,"(0, 4, 2, 3, 1)",5,0.0,10.0,10,82.92323400000001
16,32,4,2,3,2,1,0,"(0, 1, 4, 2, 3)",5,0.0,10.0,10,255.08004549999998
2,8,32,8,5,2,1,1,"(1, 0, 2, 3, 4)",5,0.0,10.0,10,1991.761135
256,4,32,8,5,0,1,1,"(0, 4, 2, 3, 1)",5,0.0,10.0,10,6.371428
256,32,32,32,12,1,1,1,"(4, 0, 3, 2, 1)",5,0.0,10.0,10,4.4270175
8,64,256,4,4,2,1,1,"(0, 1, 2, 4, 3)",5,0.0,10.0,10,2345.83094
256,8,8,2,13,0,1,1,"(0, 4, 2, 3, 1)",5,0.0,10.0,10,6.3795335
256,8,128,4,19,0,0,1,"(4, 0, 2, 3, 1)",5,0.0,10.0,10,3.5634045
16,2,256,8,17,2,0,0,"(0, 1, 2, 4, 3)",5,0.0,10.0,10,247.415125
16,128,4,32,8,0,1,0,"(0, 1, 4, 3, 2)",5,0.0,10.0,10,9.9706935
8,2,16,2,2,1,0,0,"(1, 0, 2, 3, 4)",5,0.0,10.0,10,320.04937800000005
2,16,128,2,18,0,0,0,"(0, 1, 4, 3, 2)",5,0.0,10.0,10,153.36434450000002
32,2,256,4,18,0,0,0,"(0, 1, 4, 3, 2)",5,0.0,10.0,10,97.54292000000001
256,2,16,4,13,1,0,0,"(4, 0, 2, 3, 1)",5,0.0,10.0,10,2.9742474999999997
8,8,16,1,2,2,1,1,"(0, 4, 3, 2, 1)",5,0.0,10.0,10,162.966854
8,2,16,16,6,0,0,1,"(0, 4, 2, 3, 1)",5,0.0,10.0,10,43.101136
256,128,128,32,8,0,1,1,"(1, 0, 2, 4, 3)",5,0.0,10.0,10,39.668701999999996
8,128,32,1,17,1,1,0,"(0, 1, 4, 2, 3)",5,0.0,10.0,10,180.8916305
8,16,16,8,2,0,0,0,"(1, 0, 2, 3, 4)",5,0.0,10.0,10,216.634683
256,32,64,2,19,0,0,0,"(0, 1, 2, 3, 4)",5,0.0,10.0,10,3.6613480000000003
8,32,2,16,19,2,1,1,"(4, 0, 2, 3, 1)",5,0.0,10.0,10,162.71596849999997
32,16,8,16,11,0,0,1,"(0, 1, 4, 3, 2)",5,0.0,10.0,10,58.03662
128,128,64,2,2,1,1,1,"(4, 0, 2, 3, 1)",5,0.0,10.0,10,13.6140685
64,256,16,2,11,2,0,0,"(0, 1, 2, 4, 3)",5,0.0,10.0,10,8.3995685
16,16,16,1,4,2,1,0,"(0, 1, 2, 4, 3)",5,0.0,10.0,10,97.9022985
64,4,256,1,18,2,0,1,"(0, 4, 3, 2, 1)",5,0.0,10.0,10,8.083525999999999
4,64,128,16,20,0,1,1,"(1, 0, 4, 2, 3)",5,0.0,10.0,10,718.1090615
2,2,4,2,17,0,0,0,"(0, 1, 4, 2, 3)",5,0.0,10.0,10,1768.6776025
256,16,256,16,20,0,1,0,"(0, 1, 4, 3, 2)",5,0.0,10.0,10,9.7507995
64,4,4,2,15,1,1,0,"(1, 0, 4, 3, 2)",5,0.0,10.0,10,24.4992965
256,4,256,8,13,1,0,1,"(0, 4, 2, 3, 1)",5,0.0,10.0,10,2.9823525
2,16,4,16,3,2,1,1,"(0, 1, 2, 3, 4)",5,0.0,10.0,10,1290.6432545
4,4,128,8,2,1,0,1,"(0, 4, 3, 2, 1)",5,0.0,10.0,10,80.16021549999999
2,2,256,2,12,0,1,0,"(0, 1, 4, 2, 3)",5,0.0,10.0,10,12704.603916
32,2,8,16,2,0,0,1,"(0, 4, 2, 3, 1)",5,0.0,10.0,10,11.780837
16,32,32,4,15,1,0,1,"(4, 0, 2, 3, 1)",5,0.0,10.0,10,82.710995
4,128,128,32,14,2,0,1,"(0, 1, 4, 2, 3)",5,0.0,10.0,10,9834.238436
64,8,16,4,11,0,1,1,"(1, 0, 4, 2, 3)",5,0.0,10.0,10,22.898323
256,256,2,1,4,2,1,1,"(1, 0, 2, 3, 4)",5,0.0,10.0,10,8.4588285
8,256,32,16,2,2,1,1,"(0, 4, 2, 3, 1)",5,0.0,10.0,10,211.7213035
64,4,16,32,11,2,0,1,"(1, 0, 2, 3, 4)",5,0.0,10.0,10,6.876339
4,16,2,8,19,1,0,0,"(0, 4, 2, 3, 1)",5,0.0,10.0,10,324.5487605
16,16,64,4,6,0,1,1,"(1, 0, 4, 2, 3)",5,0.0,10.0,10,670.2063815
2,128,32,32,8,1,0,1,"(1, 0, 4, 3, 2)",5,0.0,10.0,10,511.586124
8,256,4,2,6,1,0,1,"(4, 0, 2, 3, 1)",5,0.0,10.0,10,163.077291
8,2,2,1,5,0,0,0,"(4, 0, 2, 3, 1)",5,0.0,10.0,10,162.88203099999998
64,128,32,16,10,1,1,0,"(4, 0, 2, 3, 1)",5,0.0,10.0,10,22.178369
16,8,128,8,3,1,1,1,"(0, 4, 2, 3, 1)",5,0.0,10.0,10,36.075847499999995
128,32,2,4,9,0,0,0,"(0, 4, 3, 2, 1)",5,0.0,10.0,10,11.8523785
64,4,16,4,19,1,1,0,"(0, 4, 2, 3, 1)",5,0.0,10.0,10,21.9423795
8,128,256,1,5,0,1,0,"(1, 0, 2, 4, 3)",5,0.0,10.0,10,561.7293815
2,2,16,2,9,2,1,0,"(1, 0, 2, 3, 4)",5,0.0,10.0,10,727.527205
16,256,8,1,17,2,1,1,"(1, 0, 2, 3, 4)",5,0.0,10.0,10,21.512405
32,32,64,8,8,1,1,1,"(0, 4, 2, 3, 1)",5,0.0,10.0,10,24.884822
64,2,16,8,20,2,0,1,"(0, 1, 4, 3, 2)",5,0.0,10.0,10,72.7169245
4,8,32,4,12,1,0,1,"(4, 0, 2, 3, 1)",5,0.0,10.0,10,124.6216
4,16,4,16,13,1,0,0,"(0, 4, 2, 3, 1)",5,0.0,10.0,10,203.82581399999998
64,16,128,2,20,1,0,0,"(0, 1, 4, 3, 2)",5,0.0,10.0,10,36.043665000000004
256,4,32,2,8,1,0,0,"(1, 0, 2, 3, 4)",5,0.0,10.0,10,8.52763
8,128,4,16,17,0,0,0,"(1, 0, 2, 3, 4)",5,0.0,10.0,10,34.159457
8,16,2,8,17,0,0,0,"(0, 1, 2, 4, 3)",5,0.0,10.0,10,25.423904999999998
16,8,256,32,13,2,1,1,"(0, 1, 4, 3, 2)",5,0.0,10.0,10,227.5491915
4,16,32,4,20,1,1,0,"(1, 0, 4, 2, 3)",5,0.0,10.0,10,1949.619115
256,4,256,2,13,1,1,1,"(0, 4, 2, 3, 1)",5,0.0,10.0,10,2.796513
64,64,32,2,12,2,1,1,"(0, 4, 2, 3, 1)",5,0.0,10.0,10,16.5829685
128,128,64,2,4,2,1,0,"(1, 0, 4, 2, 3)",5,0.0,10.0,10,144.3089925
32,8,128,2,5,0,1,1,"(0, 4, 3, 2, 1)",5,0.0,10.0,10,18.1202885
16,8,256,4,16,2,1,1,"(0, 1, 2, 4, 3)",5,0.0,10.0,10,313.685654
256,32,16,2,18,0,1,0,"(0, 1, 2, 4, 3)",5,0.0,10.0,10,3.4656995000000004
32,128,128,32,3,1,0,1,"(0, 1, 4, 3, 2)",5,0.0,10.0,10,37.723974999999996
8,128,64,1,12,2,0,0,"(1, 0, 4, 2, 3)",5,0.0,10.0,10,285.014022
16,64,4,8,18,2,1,0,"(0, 1, 2, 3, 4)",5,0.0,10.0,10,22.09673
8,32,4,16,11,1,0,1,"(1, 0, 4, 2, 3)",5,0.0,10.0,10,37.3227435
16,2,4,16,9,0,0,1,"(0, 1, 2, 3, 4)",5,0.0,10.0,10,114.899685
256,16,2,2,15,1,0,0,"(0, 1, 4, 3, 2)",5,0.0,10.0,10,9.3527705
8,4,32,1,4,2,1,0,"(1, 0, 2, 3, 4)",5,0.0,10.0,10,320.57965950000005
64,16,256,1,6,0,1,0,"(0, 1, 2, 3, 4)",5,0.0,10.0,10,59.394078
32,8,32,16,5,1,0,0,"(0, 1, 2, 4, 3)",5,0.0,10.0,10,113.2778555
256,64,64,1,8,1,0,0,"(1, 0, 4, 3, 2)",5,0.0,10.0,10,2.865014
64,4,64,32,12,2,0,0,"(4, 0, 3, 2, 1)",5,0.0,10.0,10,8.502138
64,64,64,1,16,0,1,0,"(0, 4, 2, 3, 1)",5,0.0,10.0,10,22.273249999999997
256,64,16,32,14,0,1,1,"(1, 0, 4, 3, 2)",5,0.0,10.0,10,2.1582535
8,4,4,32,9,0,1,0,"(4, 0, 3, 2, 1)",5,0.0,10.0,10,163.101024
16,2,8,4,9,0,1,1,"(0, 1, 2, 4, 3)",5,0.0,10.0,10,76.523817
128,16,4,4,14,1,0,1,"(0, 1, 2, 4, 3)",5,0.0,10.0,10,4.6704925
128,128,64,16,5,1,1,1,"(1, 0, 4, 3, 2)",5,0.0,10.0,10,5.4904145
128,128,128,32,12,1,0,1,"(0, 4, 3, 2, 1)",5,0.0,10.0,10,12.972501000000001
8,128,4,2,17,0,0,0,"(4, 0, 2, 3, 1)",5,0.0,10.0,10,175.72602999999998
16,32,16,32,16,0,1,1,"(1, 0, 4, 2, 3)",5,0.0,10.0,10,32.9788275
16,8,256,4,4,2,1,1,"(1, 0, 4, 3, 2)",5,0.0,10.0,10,947.4744264999999
4,256,64,2,4,2,1,0,"(0, 1, 4, 2, 3)",5,0.0,10.0,10,5603.0972535
4,32,128,1,4,0,1,1,"(0, 4, 2, 3, 1)",5,0.0,10.0,10,326.48744450000004
8,256,256,4,17,2,0,0,"(1, 0, 2, 3, 4)",5,0.0,10.0,10,160.8230305
256,16,16,8,13,0,1,1,"(1, 0, 4, 3, 2)",5,0.0,10.0,10,2.4389465
64,256,8,2,12,1,0,1,"(0, 1, 2, 3, 4)",5,0.0,10.0,10,10.026294
32,2,128,2,20,1,0,1,"(0, 4, 2, 3, 1)",5,0.0,10.0,10,11.8000555
8,128,4,16,14,0,1,0,"(0, 1, 2, 4, 3)",5,0.0,10.0,10,29.867978
128,32,256,1,13,2,0,0,"(1, 0, 4, 2, 3)",5,0.0,10.0,10,52.493702
128,2,8,2,17,2,0,0,"(0, 4, 2, 3, 1)",5,0.0,10.0,10,11.904984500000001
64,4,2,2,15,1,1,1,"(1, 0, 2, 4, 3)",5,0.0,10.0,10,10.672919
256,2,8,16,18,0,0,0,"(4, 0, 3, 2, 1)",5,0.0,10.0,10,6.7591280000000005
2,2,256,2,14,1,1,1,"(1, 0, 4, 3, 2)",5,0.0,10.0,10,3946.8334205
256,2,2,4,20,0,0,1,"(0, 1, 4, 2, 3)",5,0.0,10.0,10,11.4922255
2,4,256,8,2,1,0,1,"(0, 4, 2, 3, 1)",5,0.0,10.0,10,161.71995049999998
16,2,4,16,3,2,1,0,"(1, 0, 4, 2, 3)",5,0.0,10.0,10,242.26450699999998
128,128,256,1,10,2,0,1,"(1, 0, 4, 3, 2)",5,0.0,10.0,10,3.789708
32,2,32,8,10,2,1,1,"(1, 0, 4, 2, 3)",5,0.0,10.0,10,152.357302
32,4,32,32,3,1,0,1,"(1, 0, 4, 2, 3)",5,0.0,10.0,10,738.1270615
128,4,64,2,5,1,0,0,"(4, 0, 3, 2, 1)",5,0.0,10.0,10,5.1322345
32,4,2,1,14,1,1,1,"(0, 4, 2, 3, 1)",5,0.0,10.0,10,11.813186
8,4,32,4,2,2,0,0,"(4, 0, 3, 2, 1)",5,0.0,10.0,10,162.9984045
2,64,2,8,8,2,1,0,"(4, 0, 3, 2, 1)",5,0.0,10.0,10,397.15401299999996
8,16,2,4,18,2,1,0,"(1, 0, 4, 3, 2)",5,0.0,10.0,10,178.414726
4,2,16,8,16,0,1,1,"(0, 1, 4, 3, 2)",5,0.0,10.0,10,420.26025549999997
128,64,256,4,14,2,0,0,"(0, 1, 4, 2, 3)",5,0.0,10.0,10,48.904968
256,32,4,1,7,1,0,0,"(1, 0, 2, 4, 3)",5,0.0,10.0,10,3.5320155
128,32,4,2,8,0,0,1,"(1, 0, 2, 3, 4)",5,0.0,10.0,10,8.321525999999999
4,8,128,16,8,1,0,0,"(0, 1, 2, 3, 4)",5,0.0,10.0,10,409.45741599999997
16,256,4,16,12,0,0,1,"(0, 1, 2, 3, 4)",5,0.0,10.0,10,30.9310525
32,8,4,1,13,2,0,1,"(0, 1, 2, 4, 3)",5,0.0,10.0,10,11.786016499999999
4,16,4,8,20,0,1,1,"(0, 1, 4, 2, 3)",5,0.0,10.0,10,106.3122615
32,2,32,4,2,0,0,0,"(0, 1, 4, 3, 2)",5,0.0,10.0,10,312.2341305
128,4,8,32,20,1,1,0,"(4, 0, 3, 2, 1)",5,0.0,10.0,10,5.1642115
16,256,256,32,20,0,0,1,"(4, 0, 2, 3, 1)",5,0.0,10.0,10,115.470079
64,32,4,32,12,0,1,0,"(1, 0, 4, 2, 3)",5,0.0,10.0,10,34.645082
64,64,128,8,12,0,1,1,"(4, 0, 3, 2, 1)",5,0.0,10.0,10,16.2805905
16,32,8,2,12,2,1,1,"(0, 4, 2, 3, 1)",5,0.0,10.0,10,82.756185
4,128,2,1,8,1,1,0,"(0, 1, 4, 3, 2)",5,0.0,10.0,10,208.005418
128,128,32,16,11,0,1,1,"(0, 1, 2, 3, 4)",5,0.0,10.0,10,8.2948495
256,256,2,32,18,1,1,0,"(4, 0, 3, 2, 1)",5,0.0,10.0,10,8.1591665
32,128,256,1,9,0,1,1,"(4, 0, 2, 3, 1)",5,0.0,10.0,10,48.598181499999995
128,32,256,8,11,2,1,1,"(1, 0, 4, 2, 3)",5,0.0,10.0,10,84.0433845
128,4,16,2,6,2,1,1,"(0, 1, 4, 2, 3)",5,0.0,10.0,10,51.783789
16,32,2,32,19,1,1,0,"(1, 0, 4, 2, 3)",5,0.0,10.0,10,8.033412
8,16,8,2,7,1,1,1,"(0, 4, 3, 2, 1)",5,0.0,10.0,10,162.94942350000002
4,128,32,8,7,1,1,0,"(4, 0, 2, 3, 1)",5,0.0,10.0,10,326.3546595
4,256,256,16,16,2,1,1,"(0, 4, 2, 3, 1)",5,0.0,10.0,10,354.1294865
64,128,4,32,2,0,0,1,"(4, 0, 3, 2, 1)",5,0.0,10.0,10,24.90868
64,2,2,8,11,2,0,0,"(1, 0, 2, 3, 4)",5,0.0,10.0,10,25.3493915
4,2,128,16,3,2,0,1,"(4, 0, 3, 2, 1)",5,0.0,10.0,10,324.29987100000005
32,64,128,16,9,2,0,0,"(0, 1, 2, 4, 3)",5,0.0,10.0,10,139.51191
2,64,4,32,4,0,0,0,"(0, 1, 2, 3, 4)",5,0.0,10.0,10,436.9115705
2,16,256,16,18,1,1,1,"(0, 1, 4, 2, 3)",5,0.0,10.0,10,3434.142533
64,128,128,2,16,0,0,0,"(0, 1, 2, 3, 4)",5,0.0,10.0,10,38.365539
64,256,4,1,7,2,1,1,"(1, 0, 2, 3, 4)",5,0.0,10.0,10,7.917617999999999
32,2,128,1,16,0,0,1,"(0, 1, 4, 2, 3)",5,0.0,10.0,10,482.9934505
4,4,256,8,15,0,0,0,"(4, 0, 3, 2, 1)",5,0.0,10.0,10,324.6509125
4,8,32,32,15,2,0,0,"(0, 1, 2, 3, 4)",5,0.0,10.0,10,362.7011415
2,4,64,2,3,1,1,1,"(0, 1, 2, 4, 3)",5,0.0,10.0,10,5460.693208
256,64,4,32,14,0,0,0,"(4, 0, 2, 3, 1)",5,0.0,10.0,10,6.9825945
128,256,16,4,14,2,0,1,"(0, 1, 2, 3, 4)",5,0.0,10.0,10,3.8367485
32,64,128,16,8,0,1,0,"(1, 0, 2, 3, 4)",5,0.0,10.0,10,54.0385275
8,16,64,2,20,0,1,0,"(0, 4, 3, 2, 1)",5,0.0,10.0,10,110.3000235
4,128,8,32,7,0,1,1,"(1, 0, 2, 3, 4)",5,0.0,10.0,10,249.66004700000002
16,8,16,1,8,2,1,0,"(4, 0, 3, 2, 1)",5,0.0,10.0,10,82.8113245
256,32,4,16,9,1,1,1,"(4, 0, 2, 3, 1)",5,0.0,10.0,10,4.9366635
64,4,64,4,7,0,1,1,"(0, 1, 2, 4, 3)",5,0.0,10.0,10,49.889756
4,8,32,2,18,0,1,0,"(0, 4, 3, 2, 1)",5,0.0,10.0,10,142.5133425
16,4,32,32,3,1,1,1,"(1, 0, 2, 3, 4)",5,0.0,10.0,10,269.0791595
64,32,4,4,16,0,0,1,"(0, 1, 4, 2, 3)",5,0.0,10.0,10,9.553908499999999
8,4,64,8,12,1,0,1,"(0, 1, 2, 3, 4)",5,0.0,10.0,10,176.35378450000002
16,32,32,32,4,1,1,1,"(0, 1, 4, 3, 2)",5,0.0,10.0,10,61.5311645
16,32,128,8,6,0,1,1,"(0, 4, 3, 2, 1)",5,0.0,10.0,10,52.6413745
32,2,16,16,19,1,0,1,"(0, 4, 3, 2, 1)",5,0.0,10.0,10,42.981528
4,8,16,4,13,1,0,0,"(0, 1, 4, 2, 3)",5,0.0,10.0,10,398.9500245
8,128,2,2,13,1,1,0,"(4, 0, 2, 3, 1)",5,0.0,10.0,10,163.22365050000002
8,64,2,1,20,1,0,1,"(4, 0, 2, 3, 1)",5,0.0,10.0,10,162.9131855
256,256,16,1,10,1,1,0,"(0, 4, 2, 3, 1)",5,0.0,10.0,10,8.605794
4,32,8,8,17,1,1,1,"(0, 1, 4, 3, 2)",5,0.0,10.0,10,43.4974265
64,128,8,2,17,1,1,1,"(0, 1, 2, 3, 4)",5,0.0,10.0,10,8.299503000000001
32,256,256,16,16,1,1,0,"(0, 4, 3, 2, 1)",5,0.0,10.0,10,55.628386500000005
64,32,4,16,16,2,1,0,"(0, 1, 2, 3, 4)",5,0.0,10.0,10,4.28769
64,2,16,32,15,1,1,1,"(0, 1, 2, 3, 4)",5,0.0,10.0,10,32.0804225
2,32,8,1,20,2,1,0,"(0, 1, 4, 3, 2)",5,0.0,10.0,10,55.228599
64,4,32,8,14,1,0,1,"(0, 1, 4, 3, 2)",5,0.0,10.0,10,18.282447
32,256,4,8,8,1,1,0,"(4, 0, 2, 3, 1)",5,0.0,10.0,10,56.3346495
64,32,16,4,9,2,1,0,"(1, 0, 2, 4, 3)",5,0.0,10.0,10,20.222559
2,4,8,32,11,0,0,0,"(0, 4, 3, 2, 1)",5,0.0,10.0,10,223.4073625
8,2,2,2,14,1,0,1,"(4, 0, 3, 2, 1)",5,0.0,10.0,10,162.9657595
4,32,64,4,4,2,0,1,"(0, 1, 2, 4, 3)",5,0.0,10.0,10,3507.583847
4,4,256,4,20,0,0,1,"(1, 0, 2, 4, 3)",5,0.0,10.0,10,374.08543050000003
8,2,4,32,4,1,0,1,"(0, 4, 2, 3, 1)",5,0.0,10.0,10,43.6877455
256,128,128,8,20,1,1,1,"(1, 0, 4, 3, 2)",5,0.0,10.0,10,1.8717555
128,16,32,4,16,0,1,0,"(1, 0, 4, 3, 2)",5,0.0,10.0,10,15.075598
64,8,16,32,14,0,0,1,"(4, 0, 2, 3, 1)",5,0.0,10.0,10,9.3775405
256,8,2,4,8,1,0,1,"(0, 1, 2, 3, 4)",5,0.0,10.0,10,4.9988245
256,256,64,1,12,0,1,1,"(1, 0, 4, 3, 2)",5,0.0,10.0,10,2.1086715
16,128,4,1,12,0,0,1,"(4, 0, 3, 2, 1)",5,0.0,10.0,10,82.956264
32,128,16,32,14,1,1,1,"(0, 4, 2, 3, 1)",5,0.0,10.0,10,42.947844
4,4,128,8,6,1,0,0,"(1, 0, 4, 3, 2)",5,0.0,10.0,10,1551.1480105
64,16,4,16,14,0,0,1,"(1, 0, 2, 3, 4)",5,0.0,10.0,10,11.6514995
128,256,128,16,3,2,0,1,"(0, 4, 2, 3, 1)",5,0.0,10.0,10,12.5362995
16,256,2,32,15,1,1,0,"(0, 1, 2, 4, 3)",5,0.0,10.0,10,29.522322
16,2,128,8,18,2,0,0,"(0, 1, 4, 3, 2)",5,0.0,10.0,10,97.417779
128,8,2,16,18,0,1,1,"(4, 0, 2, 3, 1)",5,0.0,10.0,10,5.9375415
16,16,8,32,14,2,1,0,"(1, 0, 4, 2, 3)",5,0.0,10.0,10,178.1285325
128,2,4,2,2,2,1,1,"(1, 0, 4, 3, 2)",5,0.0,10.0,10,79.7544685
16,128,16,16,9,2,1,1,"(0, 1, 4, 3, 2)",5,0.0,10.0,10,16.9635605
256,32,128,4,11,1,0,0,"(0, 4, 2, 3, 1)",5,0.0,10.0,10,6.885235
256,4,16,16,12,2,1,1,"(0, 1, 4, 3, 2)",5,0.0,10.0,10,19.5780345
128,2,8,2,13,1,1,0,"(1, 0, 4, 3, 2)",5,0.0,10.0,10,15.175077
16,32,8,32,9,1,0,0,"(0, 1, 4, 2, 3)",5,0.0,10.0,10,219.2264455
64,8,128,8,7,1,0,0,"(0, 4, 3, 2, 1)",5,0.0,10.0,10,11.07864
8,2,4,1,14,1,0,1,"(4, 0, 3, 2, 1)",5,0.0,10.0,10,43.2802305
256,256,2,1,4,0,0,1,"(0, 1, 2, 3, 4)",5,0.0,10.0,10,10.893809
4,2,256,4,10,1,1,0,"(4, 0, 3, 2, 1)",5,0.0,10.0,10,324.838579
32,2,8,8,14,2,0,1,"(0, 1, 2, 4, 3)",5,0.0,10.0,10,17.1541815
8,128,2,4,20,1,0,1,"(0, 4, 2, 3, 1)",5,0.0,10.0,10,163.2727045
256,16,8,1,5,2,1,0,"(0, 1, 4, 3, 2)",5,0.0,10.0,10,3.705865
4,128,64,8,16,2,0,1,"(0, 4, 3, 2, 1)",5,0.0,10.0,10,324.53531
8,128,128,16,12,1,0,0,"(0, 1, 2, 3, 4)",5,0.0,10.0,10,364.1552905
64,8,16,1,10,1,1,1,"(0, 1, 4, 3, 2)",5,0.0,10.0,10,52.40942
256,128,64,8,16,2,0,0,"(0, 1, 4, 2, 3)",5,0.0,10.0,10,10.779679
4,128,128,32,8,2,0,1,"(1, 0, 2, 4, 3)",5,0.0,10.0,10,758.68362
8,64,128,1,19,2,0,1,"(0, 4, 3, 2, 1)",5,0.0,10.0,10,163.26299699999998
16,16,16,8,6,1,0,1,"(0, 4, 2, 3, 1)",5,0.0,10.0,10,47.2812305
128,2,2,8,5,1,0,1,"(4, 0, 2, 3, 1)",5,0.0,10.0,10,4.527228
2,64,8,32,17,1,0,0,"(1, 0, 2, 4, 3)",5,0.0,10.0,10,217.883673
256,8,4,4,10,0,0,1,"(0, 1, 2, 3, 4)",5,0.0,10.0,10,4.1850805
64,64,128,32,7,0,1,1,"(1, 0, 2, 4, 3)",5,0.0,10.0,10,154.2869795
32,32,32,1,5,2,1,0,"(1, 0, 2, 3, 4)",5,0.0,10.0,10,63.755742999999995
16,8,2,32,2,0,1,1,"(0, 1, 4, 2, 3)",5,0.0,10.0,10,270.4643165
2,16,4,16,3,1,0,0,"(1, 0, 2, 4, 3)",5,0.0,10.0,10,699.444798
128,16,256,8,15,0,1,0,"(4, 0, 3, 2, 1)",5,0.0,10.0,10,7.6508745000000005
2,256,32,2,19,2,0,0,"(0, 1, 4, 3, 2)",5,0.0,10.0,10,31.5289595
128,32,16,16,6,2,1,0,"(4, 0, 3, 2, 1)",5,0.0,10.0,10,7.903941
128,256,8,8,14,1,1,0,"(0, 1, 2, 4, 3)",5,0.0,10.0,10,7.5757045000000005
256,4,16,2,16,2,0,0,"(1, 0, 4, 3, 2)",5,0.0,10.0,10,3.2787165
64,16,16,2,5,0,0,1,"(0, 1, 4, 3, 2)",5,0.0,10.0,10,28.0649225
256,64,4,32,20,2,1,1,"(1, 0, 2, 3, 4)",5,0.0,10.0,10,2.3031965000000003
64,128,4,16,18,2,1,1,"(1, 0, 2, 3, 4)",5,0.0,10.0,10,6.735885
64,32,32,2,17,1,1,0,"(0, 4, 2, 3, 1)",5,0.0,10.0,10,14.394608999999999
4,4,256,4,16,2,0,0,"(4, 0, 3, 2, 1)",5,0.0,10.0,10,324.707637
32,128,2,4,3,0,0,0,"(0, 1, 4, 3, 2)",5,0.0,10.0,10,12.64608
4,128,4,2,2,2,0,1,"(0, 4, 3, 2, 1)",5,0.0,10.0,10,362.7529555
32,16,8,4,16,1,0,0,"(1, 0, 4, 3, 2)",5,0.0,10.0,10,48.38197
16,64,2,2,3,2,1,0,"(1, 0, 2, 4, 3)",5,0.0,10.0,10,41.607078
2,16,64,32,17,0,1,1,"(0, 4, 3, 2, 1)",5,0.0,10.0,10,647.5577505
32,64,8,2,13,1,0,0,"(4, 0, 2, 3, 1)",5,0.0,10.0,10,34.514381
8,128,2,1,18,2,1,1,"(1, 0, 2, 3, 4)",5,0.0,10.0,10,11.631027
128,4,2,4,16,0,0,0,"(0, 1, 4, 2, 3)",5,0.0,10.0,10,20.221612999999998
16,256,128,32,19,2,1,1,"(0, 4, 2, 3, 1)",5,0.0,10.0,10,86.5785565
256,32,64,4,16,0,1,1,"(4, 0, 3, 2, 1)",5,0.0,10.0,10,4.949298000000001
8,8,8,16,8,2,0,1,"(0, 1, 2, 3, 4)",5,0.0,10.0,10,154.33273100000002
16,2,16,4,7,0,1,0,"(4, 0, 2, 3, 1)",5,0.0,10.0,10,22.272472999999998
32,2,32,2,10,2,0,1,"(0, 1, 2, 3, 4)",5,0.0,10.0,10,86.7298695
256,16,32,16,8,1,1,0,"(0, 1, 4, 2, 3)",5,0.0,10.0,10,13.270354
64,16,8,4,13,2,1,0,"(0, 4, 2, 3, 1)",5,0.0,10.0,10,22.4428595
64,32,64,1,5,0,0,1,"(1, 0, 2, 4, 3)",5,0.0,10.0,10,101.6832395
4,4,4,16,5,1,1,0,"(0, 4, 3, 2, 1)",5,0.0,10.0,10,84.517393
2,4,64,32,17,2,0,1,"(1, 0, 2, 3, 4)",5,0.0,10.0,10,1001.387515
128,4,8,8,19,0,1,1,"(4, 0, 3, 2, 1)",5,0.0,10.0,10,5.326555000000001
256,16,32,4,15,0,1,1,"(1, 0, 4, 3, 2)",5,0.0,10.0,10,3.042135
16,4,256,4,19,0,1,0,"(4, 0, 3, 2, 1)",5,0.0,10.0,10,22.675359
8,16,2,4,4,2,1,0,"(1, 0, 4, 2, 3)",5,0.0,10.0,10,252.2925625
4,64,8,4,2,1,1,1,"(0, 1, 2, 3, 4)",5,0.0,10.0,10,641.7500015
32,2,32,16,16,1,0,1,"(0, 1, 4, 2, 3)",5,0.0,10.0,10,128.2080455
256,64,256,2,18,2,1,1,"(0, 1, 4, 3, 2)",5,0.0,10.0,10,7.634296
32,64,8,32,20,0,1,0,"(0, 4, 2, 3, 1)",5,0.0,10.0,10,43.246984499999996
256,16,64,1,9,0,0,1,"(0, 1, 4, 2, 3)",5,0.0,10.0,10,82.3304945
128,8,8,32,15,1,0,1,"(0, 1, 4, 2, 3)",5,0.0,10.0,10,8.701979
32,2,32,16,16,2,0,0,"(1, 0, 4, 2, 3)",5,0.0,10.0,10,77.8276475
16,4,8,2,19,1,0,0,"(1, 0, 4, 3, 2)",5,0.0,10.0,10,30.9825235
16,256,16,8,7,0,0,0,"(4, 0, 3, 2, 1)",5,0.0,10.0,10,83.0321845
2,2,32,32,16,0,0,1,"(4, 0, 3, 2, 1)",5,0.0,10.0,10,647.371999
2,256,32,1,14,2,0,0,"(1, 0, 2, 3, 4)",5,0.0,10.0,10,166.04443650000002
8,2,32,2,16,0,0,1,"(4, 0, 2, 3, 1)",5,0.0,10.0,10,163.30055900000002
16,256,16,1,19,0,0,1,"(0, 4, 2, 3, 1)",5,0.0,10.0,10,83.3642155
64,4,64,32,12,2,1,1,"(0, 1, 2, 3, 4)",5,0.0,10.0,10,18.378481
64,256,64,8,11,1,1,1,"(0, 1, 2, 3, 4)",5,0.0,10.0,10,21.0913145
4,8,64,16,15,2,0,0,"(0, 1, 4, 2, 3)",5,0.0,10.0,10,5187.9619075
64,2,32,16,16,1,1,0,"(0, 1, 4, 2, 3)",5,0.0,10.0,10,125.864394
256,4,4,1,9,0,1,1,"(1, 0, 2, 4, 3)",5,0.0,10.0,10,4.6245215
16,4,32,2,14,0,1,0,"(4, 0, 2, 3, 1)",5,0.0,10.0,10,21.6283335
4,64,256,8,14,0,1,0,"(0, 1, 4, 2, 3)",5,0.0,10.0,10,12313.86266
256,8,2,32,6,2,0,0,"(0, 4, 2, 3, 1)",5,0.0,10.0,10,3.780764
8,64,16,32,8,2,0,1,"(1, 0, 2, 3, 4)",5,0.0,10.0,10,50.292122000000006
2,16,2,1,6,2,1,0,"(0, 1, 4, 3, 2)",5,0.0,10.0,10,974.667953
2,4,256,4,12,2,1,1,"(0, 1, 2, 3, 4)",5,0.0,10.0,10,3663.146624
8,2,2,4,15,2,1,0,"(1, 0, 4, 3, 2)",5,0.0,10.0,10,459.998636
64,128,256,4,18,0,1,1,"(1, 0, 4, 3, 2)",5,0.0,10.0,10,4.1697865
16,8,256,4,18,2,0,1,"(0, 1, 2, 4, 3)",5,0.0,10.0,10,267.9724435
128,32,4,16,3,0,1,1,"(0, 1, 2, 3, 4)",5,0.0,10.0,10,21.776432
4,8,16,4,8,0,1,1,"(0, 1, 4, 3, 2)",5,0.0,10.0,10,268.3057185
256,128,256,8,8,1,0,1,"(1, 0, 4, 2, 3)",5,0.0,10.0,10,64.9651075
256,4,2,32,11,2,1,0,"(1, 0, 2, 3, 4)",5,0.0,10.0,10,7.519503
8,64,64,4,7,2,1,0,"(0, 4, 2, 3, 1)",5,0.0,10.0,10,107.4513135
4,128,256,2,4,2,1,0,"(1, 0, 2, 3, 4)",5,0.0,10.0,10,2512.929971
32,16,8,4,11,1,0,1,"(0, 1, 2, 4, 3)",5,0.0,10.0,10,48.090382
16,2,16,4,11,0,1,1,"(0, 1, 2, 3, 4)",5,0.0,10.0,10,139.8996775
4,16,2,32,19,1,0,0,"(1, 0, 2, 3, 4)",5,0.0,10.0,10,20.973149
256,256,2,8,9,1,1,0,"(0, 1, 2, 4, 3)",5,0.0,10.0,10,2.906793
4,16,32,4,15,2,0,0,"(0, 1, 2, 4, 3)",5,0.0,10.0,10,153.794795
2,128,32,4,5,2,0,0,"(1, 0, 4, 3, 2)",5,0.0,10.0,10,495.96513849999997
64,32,4,8,9,0,1,0,"(0, 1, 4, 2, 3)",5,0.0,10.0,10,13.5107965
16,2,4,8,12,0,0,1,"(1, 0, 2, 4, 3)",5,0.0,10.0,10,21.3271805
64,256,8,4,13,2,1,1,"(1, 0, 4, 2, 3)",5,0.0,10.0,10,46.599556
4,32,4,4,5,2,1,0,"(0, 1, 2, 3, 4)",5,0.0,10.0,10,124.896029
16,2,8,16,8,2,0,1,"(0, 1, 2, 4, 3)",5,0.0,10.0,10,186.298406
8,8,2,32,6,2,1,0,"(0, 4, 2, 3, 1)",5,0.0,10.0,10,67.115235
16,4,2,2,8,0,1,1,"(0, 1, 2, 4, 3)",5,0.0,10.0,10,65.05813649999999
16,64,16,1,13,0,1,0,"(1, 0, 4, 2, 3)",5,0.0,10.0,10,234.908527
256,64,2,8,7,2,1,0,"(4, 0, 2, 3, 1)",5,0.0,10.0,10,5.6808265
16,128,16,32,10,0,1,1,"(1, 0, 2, 4, 3)",5,0.0,10.0,10,93.56381099999999
32,2,2,32,11,0,1,0,"(0, 1, 2, 3, 4)",5,0.0,10.0,10,48.230984
128,16,8,32,9,2,0,1,"(1, 0, 2, 3, 4)",5,0.0,10.0,10,8.6704165
128,256,32,1,3,0,1,0,"(1, 0, 4, 2, 3)",5,0.0,10.0,10,97.18995050000001
4,2,32,8,18,2,1,1,"(0, 1, 4, 2, 3)",5,0.0,10.0,10,1924.2914719999999
128,4,32,16,6,0,1,1,"(0, 1, 2, 3, 4)",5,0.0,10.0,10,21.7807715
8,16,16,1,14,2,0,1,"(4, 0, 2, 3, 1)",5,0.0,10.0,10,94.13812100000001
32,4,2,32,16,0,0,0,"(4, 0, 2, 3, 1)",5,0.0,10.0,10,43.108425999999994
128,32,4,2,20,2,0,1,"(0, 1, 4, 2, 3)",5,0.0,10.0,10,20.3504275
8,128,2,1,18,0,1,1,"(0, 1, 2, 3, 4)",5,0.0,10.0,10,41.58171900000001
8,32,2,16,12,2,0,1,"(0, 1, 4, 2, 3)",5,0.0,10.0,10,52.3392315
32,256,2,32,9,2,0,1,"(0, 1, 4, 2, 3)",5,0.0,10.0,10,72.48826700000001
128,32,32,32,14,1,0,1,"(0, 1, 4, 3, 2)",5,0.0,10.0,10,3.231036
256,2,16,16,4,0,0,0,"(4, 0, 2, 3, 1)",5,0.0,10.0,10,3.7707065
32,64,128,1,3,0,0,0,"(1, 0, 4, 2, 3)",5,0.0,10.0,10,436.1093885
4,2,2,8,18,0,0,1,"(1, 0, 4, 2, 3)",5,0.0,10.0,10,394.872438
8,2,128,32,11,1,0,1,"(1, 0, 4, 3, 2)",5,0.0,10.0,10,408.0901675
64,8,8,2,13,1,0,0,"(0, 4, 2, 3, 1)",5,0.0,10.0,10,10.719516
16,64,2,2,2,0,1,1,"(0, 1, 2, 4, 3)",5,0.0,10.0,10,150.08989
256,256,2,16,5,0,1,1,"(1, 0, 4, 2, 3)",5,0.0,10.0,10,13.0333615
256,16,16,32,9,1,0,1,"(0, 1, 4, 2, 3)",5,0.0,10.0,10,13.877655
8,8,64,32,14,0,1,0,"(1, 0, 2, 3, 4)",5,0.0,10.0,10,217.55508550000002
32,128,32,4,9,1,1,0,"(0, 4, 3, 2, 1)",5,0.0,10.0,10,47.043535000000006
256,32,32,8,14,2,1,0,"(0, 1, 4, 3, 2)",5,0.0,10.0,10,2.624961
8,4,32,4,9,0,1,1,"(1, 0, 4, 2, 3)",5,0.0,10.0,10,1760.244473
16,2,16,16,14,0,1,0,"(4, 0, 2, 3, 1)",5,0.0,10.0,10,22.352288
128,2,128,8,20,1,1,1,"(0, 1, 2, 4, 3)",5,0.0,10.0,10,35.900155
16,256,128,1,12,0,1,1,"(4, 0, 3, 2, 1)",5,0.0,10.0,10,108.6206335
2,2,256,2,10,1,1,1,"(0, 4, 3, 2, 1)",5,0.0,10.0,10,167.1749865
128,128,128,2,3,1,0,1,"(0, 1, 4, 3, 2)",5,0.0,10.0,10,25.5857405
64,16,8,1,12,0,0,0,"(0, 4, 3, 2, 1)",5,0.0,10.0,10,13.7816405
4,32,16,32,10,0,1,0,"(1, 0, 2, 3, 4)",5,0.0,10.0,10,158.78340550000001
8,64,64,2,6,2,1,1,"(1, 0, 4, 2, 3)",5,0.0,10.0,10,834.9101095
4,4,256,1,12,2,1,0,"(4, 0, 2, 3, 1)",5,0.0,10.0,10,326.14277749999997
2,8,32,16,4,1,1,1,"(0, 1, 4, 3, 2)",5,0.0,10.0,10,2437.223092
16,8,8,1,12,1,1,0,"(1, 0, 4, 3, 2)",5,0.0,10.0,10,86.689775
64,16,2,2,5,0,1,1,"(1, 0, 4, 3, 2)",5,0.0,10.0,10,45.051306499999995
64,4,64,8,13,2,0,1,"(0, 1, 4, 2, 3)",5,0.0,10.0,10,341.1099835
128,32,256,16,6,2,0,1,"(1, 0, 4, 3, 2)",5,0.0,10.0,10,13.866194
32,4,64,2,20,2,0,0,"(0, 4, 3, 2, 1)",5,0.0,10.0,10,43.213955
32,256,2,2,10,1,0,0,"(4, 0, 2, 3, 1)",5,0.0,10.0,10,54.5480565
256,4,2,8,9,0,1,1,"(0, 4, 2, 3, 1)",5,0.0,10.0,10,3.5529865
2,8,2,8,14,2,0,0,"(0, 4, 2, 3, 1)",5,0.0,10.0,10,253.5542025
16,16,32,2,17,0,0,0,"(0, 4, 2, 3, 1)",5,0.0,10.0,10,83.1584175
32,8,8,2,6,2,0,1,"(1, 0, 4, 3, 2)",5,0.0,10.0,10,35.2596325
256,2,4,16,14,1,1,1,"(1, 0, 4, 3, 2)",5,0.0,10.0,10,6.217097
4,128,32,2,16,1,0,0,"(1, 0, 2, 3, 4)",5,0.0,10.0,10,69.493406
64,8,2,1,6,1,1,0,"(1, 0, 4, 2, 3)",5,0.0,10.0,10,34.935812999999996
16,8,128,32,10,0,1,1,"(0, 4, 2, 3, 1)",5,0.0,10.0,10,33.285236
8,32,4,4,20,1,1,0,"(0, 4, 2, 3, 1)",5,0.0,10.0,10,96.10093599999999
8,2,128,16,5,1,1,1,"(0, 4, 3, 2, 1)",5,0.0,10.0,10,163.279255
4,4,64,32,5,0,0,0,"(1, 0, 4, 2, 3)",5,0.0,10.0,10,5720.622276
256,256,256,1,12,0,1,0,"(0, 4, 3, 2, 1)",5,0.0,10.0,10,7.226929500000001
128,64,128,4,10,0,0,1,"(4, 0, 3, 2, 1)",5,0.0,10.0,10,12.258250499999999
8,16,64,32,11,1,0,0,"(0, 1, 2, 3, 4)",5,0.0,10.0,10,254.1213755
32,2,4,2,9,2,0,0,"(0, 4, 3, 2, 1)",5,0.0,10.0,10,15.662161
32,2,32,32,18,2,1,1,"(1, 0, 2, 4, 3)",5,0.0,10.0,10,18.170096
128,2,256,4,6,0,1,1,"(0, 4, 3, 2, 1)",5,0.0,10.0,10,5.5183275
64,32,16,8,20,0,0,0,"(0, 1, 4, 3, 2)",5,0.0,10.0,10,3.973001
256,8,2,4,5,0,0,0,"(4, 0, 3, 2, 1)",5,0.0,10.0,10,3.930217
16,2,4,32,5,0,1,0,"(1, 0, 4, 2, 3)",5,0.0,10.0,10,178.87203449999998
2,16,64,8,10,1,0,1,"(1, 0, 2, 3, 4)",5,0.0,10.0,10,644.569388
64,16,64,32,18,0,0,1,"(4, 0, 2, 3, 1)",5,0.0,10.0,10,13.751133
128,128,8,4,19,2,1,0,"(0, 1, 2, 3, 4)",5,0.0,10.0,10,3.2406565
4,8,2,16,7,1,0,1,"(1, 0, 2, 3, 4)",5,0.0,10.0,10,382.036568
64,256,256,1,11,0,0,0,"(0, 4, 2, 3, 1)",5,0.0,10.0,10,24.4317465
2,64,128,32,6,1,1,0,"(1, 0, 2, 3, 4)",5,0.0,10.0,10,2447.3554475
32,256,128,16,8,0,0,1,"(1, 0, 4, 3, 2)",5,0.0,10.0,10,39.600466499999996
64,32,32,2,14,1,1,1,"(0, 1, 4, 2, 3)",5,0.0,10.0,10,130.8475275
16,32,2,2,14,2,1,1,"(0, 1, 2, 3, 4)",5,0.0,10.0,10,33.126737
64,128,32,8,7,0,1,0,"(4, 0, 3, 2, 1)",5,0.0,10.0,10,22.6513615
128,128,256,2,3,0,0,1,"(0, 1, 4, 3, 2)",5,0.0,10.0,10,13.971743499999999
16,64,256,16,3,2,0,1,"(0, 4, 2, 3, 1)",5,0.0,10.0,10,65.514577
128,32,64,2,17,2,0,0,"(1, 0, 2, 3, 4)",5,0.0,10.0,10,13.3767085
32,2,256,8,6,2,1,0,"(1, 0, 2, 3, 4)",5,0.0,10.0,10,243.9903915
4,128,128,1,13,1,1,1,"(0, 1, 2, 3, 4)",5,0.0,10.0,10,894.0320005
2,16,16,1,14,2,1,0,"(0, 4, 2, 3, 1)",5,0.0,10.0,10,647.6032805
256,2,64,2,2,0,1,1,"(0, 1, 4, 3, 2)",5,0.0,10.0,10,78.75719000000001
64,128,64,32,11,0,0,1,"(0, 1, 2, 4, 3)",5,0.0,10.0,10,25.234644000000003
16,2,128,2,17,2,0,0,"(1, 0, 4, 3, 2)",5,0.0,10.0,10,100.604424
4,256,2,16,3,1,0,0,"(1, 0, 2, 3, 4)",5,0.0,10.0,10,234.248396
64,64,64,1,5,2,1,0,"(1, 0, 2, 3, 4)",5,0.0,10.0,10,27.6858225
2,16,8,16,8,0,0,0,"(4, 0, 2, 3, 1)",5,0.0,10.0,10,362.9938245
16,64,64,16,11,0,1,0,"(1, 0, 2, 4, 3)",5,0.0,10.0,10,59.6976125
8,128,256,32,6,2,0,0,"(0, 1, 2, 3, 4)",5,0.0,10.0,10,444.2376415
8,64,2,16,8,2,1,0,"(4, 0, 3, 2, 1)",5,0.0,10.0,10,105.7658005
8,32,64,8,16,1,0,0,"(0, 1, 2, 4, 3)",5,0.0,10.0,10,214.975568
64,32,16,2,6,2,0,0,"(1, 0, 4, 3, 2)",5,0.0,10.0,10,29.183059
128,64,64,8,14,0,0,0,"(0, 4, 2, 3, 1)",5,0.0,10.0,10,12.5765745
256,32,64,32,19,1,1,1,"(4, 0, 2, 3, 1)",5,0.0,10.0,10,7.259138
4,2,4,16,3,0,1,0,"(1, 0, 2, 3, 4)",5,0.0,10.0,10,183.190754
32,16,128,8,14,1,0,0,"(0, 1, 2, 4, 3)",5,0.0,10.0,10,102.13402049999999
4,64,4,8,7,0,1,0,"(0, 1, 4, 2, 3)",5,0.0,10.0,10,595.950936
16,64,128,8,9,0,0,1,"(1, 0, 2, 4, 3)",5,0.0,10.0,10,300.968023
8,4,4,8,19,1,0,1,"(1, 0, 2, 3, 4)",5,0.0,10.0,10,16.953429
64,256,256,8,2,0,0,1,"(0, 4, 3, 2, 1)",5,0.0,10.0,10,29.180982
128,8,16,16,4,2,1,1,"(0, 1, 2, 4, 3)",5,0.0,10.0,10,52.597167
8,256,16,8,16,2,1,1,"(4, 0, 2, 3, 1)",5,0.0,10.0,10,212.224514
2,128,128,16,8,0,1,1,"(4, 0, 3, 2, 1)",5,0.0,10.0,10,647.698103
2,8,16,16,18,0,0,0,"(1, 0, 4, 2, 3)",5,0.0,10.0,10,237.26438100000001
4,256,256,8,17,1,0,0,"(1, 0, 2, 4, 3)",5,0.0,10.0,10,1358.276815
32,256,2,1,13,1,0,0,"(0, 1, 4, 2, 3)",5,0.0,10.0,10,63.888743000000005
64,128,2,2,14,0,0,1,"(4, 0, 2, 3, 1)",5,0.0,10.0,10,24.196952
16,4,32,2,16,0,0,0,"(0, 1, 2, 4, 3)",5,0.0,10.0,10,142.31519250000002
16,32,128,4,2,0,1,0,"(0, 1, 4, 2, 3)",5,0.0,10.0,10,1864.437449
256,128,128,2,20,1,0,1,"(1, 0, 4, 3, 2)",5,0.0,10.0,10,5.160356999999999
8,128,128,8,12,2,1,0,"(0, 1, 2, 3, 4)",5,0.0,10.0,10,133.7840465
4,8,8,32,14,0,0,1,"(4, 0, 2, 3, 1)",5,0.0,10.0,10,324.73308499999996
256,16,16,8,8,2,1,1,"(1, 0, 4, 3, 2)",5,0.0,10.0,10,4.166612
2,4,8,4,6,0,1,1,"(0, 1, 4, 3, 2)",5,0.0,10.0,10,2541.2580049999997
8,4,2,2,5,0,0,0,"(4, 0, 3, 2, 1)",5,0.0,10.0,10,46.238258
128,8,2,4,6,2,0,0,"(0, 4, 2, 3, 1)",5,0.0,10.0,10,6.7881675
4,2,128,32,2,2,1,0,"(1, 0, 2, 3, 4)",5,0.0,10.0,10,1561.2429465
4,16,4,8,5,2,1,0,"(1, 0, 4, 2, 3)",5,0.0,10.0,10,577.3501675
8,2,2,2,19,2,1,0,"(4, 0, 3, 2, 1)",5,0.0,10.0,10,163.506396
64,128,16,2,16,2,0,0,"(1, 0, 4, 3, 2)",5,0.0,10.0,10,13.306765500000001
256,128,128,8,3,0,1,0,"(0, 4, 3, 2, 1)",5,0.0,10.0,10,7.345613500000001
2,4,16,16,11,2,0,1,"(0, 1, 2, 4, 3)",5,0.0,10.0,10,387.649604
2,32,8,2,9,0,0,1,"(0, 1, 4, 2, 3)",5,0.0,10.0,10,1013.94889
16,64,8,2,6,0,1,0,"(0, 1, 2, 4, 3)",5,0.0,10.0,10,49.4154915
8,8,256,2,3,0,0,1,"(0, 1, 2, 4, 3)",5,0.0,10.0,10,2924.597524
256,256,8,8,15,0,0,1,"(0, 1, 2, 4, 3)",5,0.0,10.0,10,5.201067
2,256,128,32,12,0,1,1,"(0, 4, 3, 2, 1)",5,0.0,10.0,10,647.9503365
4,2,4,32,15,0,1,0,"(1, 0, 2, 4, 3)",5,0.0,10.0,10,44.428224
64,4,2,1,15,2,0,1,"(0, 4, 2, 3, 1)",5,0.0,10.0,10,6.9724284999999995
16,16,2,32,13,1,0,0,"(0, 1, 4, 2, 3)",5,0.0,10.0,10,130.43081
256,16,256,32,15,0,0,1,"(1, 0, 4, 2, 3)",5,0.0,10.0,10,164.251978
32,32,32,4,16,2,1,0,"(1, 0, 4, 2, 3)",5,0.0,10.0,10,31.7697905
256,128,2,2,7,2,0,1,"(1, 0, 2, 4, 3)",5,0.0,10.0,10,4.5232235
32,64,32,32,3,1,1,0,"(0, 1, 4, 2, 3)",5,0.0,10.0,10,412.112386
2,128,2,32,16,1,1,0,"(1, 0, 4, 3, 2)",5,0.0,10.0,10,34.9817885
64,8,8,32,7,2,0,0,"(4, 0, 3, 2, 1)",5,0.0,10.0,10,22.594126
4,16,16,32,8,1,1,0,"(0, 1, 4, 2, 3)",5,0.0,10.0,10,1341.022631
2,2,128,1,3,0,1,0,"(1, 0, 2, 4, 3)",5,0.0,10.0,10,4949.3545545
64,2,64,2,15,0,1,0,"(1, 0, 2, 4, 3)",5,0.0,10.0,10,39.693139
128,4,4,8,3,0,0,1,"(0, 1, 4, 3, 2)",5,0.0,10.0,10,53.1131625
16,32,4,2,11,0,0,0,"(4, 0, 2, 3, 1)",5,0.0,10.0,10,47.830612
8,8,128,2,8,2,1,1,"(1, 0, 2, 4, 3)",5,0.0,10.0,10,883.263
32,64,256,8,15,0,1,0,"(1, 0, 4, 3, 2)",5,0.0,10.0,10,7.2747725
128,8,32,2,16,1,0,0,"(1, 0, 4, 3, 2)",5,0.0,10.0,10,6.344042
64,8,4,8,8,0,0,1,"(4, 0, 2, 3, 1)",5,0.0,10.0,10,10.348484
64,128,4,32,2,1,1,1,"(4, 0, 3, 2, 1)",5,0.0,10.0,10,24.199956999999998
16,8,32,1,9,1,1,0,"(0, 1, 4, 2, 3)",5,0.0,10.0,10,616.6521275
32,32,8,4,8,1,1,1,"(0, 1, 2, 4, 3)",5,0.0,10.0,10,27.774182500000002
4,8,32,2,2,0,0,1,"(1, 0, 4, 2, 3)",5,0.0,10.0,10,4816.5004725
256,4,4,32,13,2,1,1,"(0, 4, 2, 3, 1)",5,0.0,10.0,10,3.2856899999999998
64,8,256,32,11,0,0,1,"(1, 0, 2, 3, 4)",5,0.0,10.0,10,37.928873
32,8,2,4,9,0,1,0,"(0, 1, 2, 4, 3)",5,0.0,10.0,10,38.5978305
16,2,32,2,19,1,1,0,"(0, 4, 2, 3, 1)",5,0.0,10.0,10,23.1385745
2,2,128,4,4,0,0,1,"(0, 1, 4, 2, 3)",5,0.0,10.0,10,31748.832276
2,2,8,16,3,0,0,0,"(1, 0, 4, 3, 2)",5,0.0,10.0,10,1688.4666379999999
16,256,32,4,2,0,1,0,"(0, 1, 2, 3, 4)",5,0.0,10.0,10,184.701223
